received_time_ns,timestamp,roll_body,pitch_body,yaw_body,yaw_sp_move_rate,thrust_body_x,thrust_body_y,thrust_body_z,reset_integral
1775658305310894592,3224000,-0.0,-0.0,-1.9896051526302472e-05,0.0,0.0,0.0,-0.0010000000474974513,False
1775658305318894592,3232000,-0.0,-0.0,-2.079491787299048e-05,0.0,0.0,0.0,-0.0010000000474974513,False
1775658305366894592,3280000,-0.0,-0.0,-2.261032750539016e-05,0.0,0.0,0.0,-0.0010000000474974513,False
1775658305414894592,3328000,-0.0,-0.0,-2.1141055185580626e-05,0.0,0.0,0.0,-0.0010000000474974513,False
1775658305470894592,3384000,-0.0,-0.0,-2.5903054847731255e-05,0.0,0.0,0.0,-0.0010000000474974513,False
1775658305518894592,3432000,-0.0,-0.0,-2.4836928787408397e-05,0.0,0.0,0.0,-0.0010000000474974513,False
1775658305566894592,3480000,-0.0,-0.0,-2.6489802621654235e-05,0.0,0.0,0.0,-0.0010000000474974513,False
1775658305614894592,3528000,-0.0,-0.0,-2.598812170617748e-05,0.0,0.0,0.0,-0.0010000000474974513,False
1775658305670894592,3584000,-0.0,-0.0,-2.3091730326996185e-05,0.0,0.0,0.0,-0.0010000000474974513,False
1775658305718894592,3632000,-0.0,-0.0,-2.2067190002417192e-05,0.0,0.0,0.0,-0.0010000000474974513,False
1775658305766894592,3680000,-0.0,-0.0,-1.9024304492631927e-05,0.0,0.0,0.0,-0.0010000000474974513,False
1775658305814894592,3728000,-0.0,-0.0,-1.9242601410951465e-05,0.0,0.0,0.0,-0.0010000000474974513,False
1775658305870894592,3784000,-0.0,-0.0,-1.5080097000463866e-05,0.0,0.0,0.0,-0.0010000000474974513,False
1775658305918894592,3832000,-0.0,-0.0,-1.0318874046788551e-05,0.0,0.0,0.0,-0.0010000000474974513,False
1775658305966894592,3880000,-0.0,-0.0,-7.775041012791917e-06,0.0,0.0,0.0,-0.0010000000474974513,False
1775658306014894592,3928000,-0.0,-0.0,-4.249166522640735e-06,0.0,0.0,0.0,-0.0010000000474974513,False
1775658306070894592,3984000,-0.0,-0.0,-1.6390042674174765e-06,0.0,0.0,0.0,-0.0010000000474974513,False
1775658306118894592,4032000,-0.0,-0.0,-2.2941453607927542e-06,0.0,0.0,0.0,-0.0010000000474974513,False
1775658306166894592,4080000,-0.0,-0.0,-9.890189858197118e-07,0.0,0.0,0.0,-0.0010000000474974513,False
1775658306214894592,4128000,-0.0,-0.0,-1.5990697477263893e-07,0.0,0.0,0.0,-0.0010000000474974513,False
1775658306270894592,4184000,0.0,0.0,2.0427316940185847e-06,0.0,0.0,0.0,-0.0010000000474974513,False
1775658306318894592,4232000,0.0,0.0,5.7169531828549225e-06,0.0,0.0,0.0,-0.0010000000474974513,False
1775658306366894592,4280000,0.0,0.0,6.78800870446139e-06,0.0,0.0,0.0,-0.0010000000474974513,False
1775658306414894592,4328000,0.0,0.0,1.3359462172957137e-05,0.0,0.0,0.0,-0.0010000000474974513,False
1775658306470894592,4384000,0.0,-0.0,1.5747953653335571,0.0,0.0,0.0,-0.0010000000474974513,False
1775658306518894592,4432000,0.0,-0.0,1.5748041868209839,0.0,0.0,0.0,-0.0010000000474974513,False
1775658306566894592,4480000,0.0,-0.0,1.5775376558303833,0.0,0.0,0.0,-0.0010000000474974513,False
1775658306614894592,4528000,0.0,-0.0,1.580371379852295,0.0,0.0,0.0,-0.0010000000474974513,False
1775658306670894592,4584000,0.0,-0.0,1.5826336145401,0.0,0.0,0.0,-0.0010000000474974513,False
1775658306718894592,4632000,0.0,-0.0,1.5818061828613281,0.0,0.0,0.0,-0.0010000000474974513,False
1775658306766894592,4680000,0.0,-0.0,1.5809590816497803,0.0,0.0,0.0,-0.0010000000474974513,False
1775658306814894592,4728000,0.0,-0.0,1.5800977945327759,0.0,0.0,0.0,-0.0010000000474974513,False
1775658306870894592,4784000,0.0,-0.0,1.5780882835388184,0.0,0.0,0.0,-0.0010000000474974513,False
1775658306918894592,4832000,0.0,-0.0,1.5769753456115723,0.0,0.0,0.0,-0.0010000000474974513,False
1775658306966894592,4880000,0.0,-0.0,1.5764762163162231,0.0,0.0,0.0,-0.0010000000474974513,False
1775658307014894592,4928000,0.0,-0.0,1.5763473510742188,0.0,0.0,0.0,-0.0010000000474974513,False
1775658307062894592,4976000,0.0,-0.0,1.5762462615966797,0.0,0.0,0.0,-0.0010000000474974513,False
1775658307118894592,5032000,0.0,-0.0,1.576000452041626,0.0,0.0,0.0,-0.0010000000474974513,False
1775658307166894592,5080000,0.0,-0.0,1.5756665468215942,0.0,0.0,0.0,-0.0010000000474974513,False
1775658307214894592,5128000,0.0,-0.0,1.5749958753585815,0.0,0.0,0.0,-0.0010000000474974513,False
1775658307270894592,5184000,0.0,-0.0,1.5741357803344727,0.0,0.0,0.0,-0.0010000000474974513,False
1775658307318894592,5232000,0.0,-0.0,1.573228120803833,0.0,0.0,0.0,-0.0010000000474974513,False
1775658307366894592,5280000,0.0,-0.0,1.5727776288986206,0.0,0.0,0.0,-0.0010000000474974513,False
1775658307414894592,5328000,0.0,-0.0,1.5723775625228882,0.0,0.0,0.0,-0.0010000000474974513,False
1775658307470894592,5384000,0.0,-0.0,1.57185959815979,0.0,0.0,0.0,-0.0010000000474974513,False
1775658307518894592,5432000,0.0,0.0,1.5707672834396362,0.0,0.0,0.0,-0.0010000000474974513,False
1775658307566894592,5480000,0.0,0.0,1.5699071884155273,0.0,0.0,0.0,-0.0010000000474974513,False
1775658307614894592,5528000,0.0,0.0,1.5693057775497437,0.0,0.0,0.0,-0.0010000000474974513,False
1775658307662894592,5576000,0.0,0.0,1.569202184677124,0.0,0.0,0.0,-0.0010000000474974513,False
1775658307718894592,5632000,0.0,0.0,1.5692138671875,0.0,0.0,0.0,-0.0010000000474974513,False
1775658307766894592,5680000,0.0,0.0,1.569322943687439,0.0,0.0,0.0,-0.0010000000474974513,False
1775658307814894592,5728000,0.0,0.0,1.5695688724517822,0.0,0.0,0.0,-0.0010000000474974513,False
1775658307870894592,5784000,0.0,0.0,1.5698282718658447,0.0,0.0,0.0,-0.0010000000474974513,False
1775658307918894592,5832000,0.0,0.0,1.569662094116211,0.0,0.0,0.0,-0.0010000000474974513,False
1775658307966894592,5880000,0.0,0.0,1.569584608078003,0.0,0.0,0.0,-0.0010000000474974513,False
1775658308014894592,5928000,0.0,0.0,1.5695832967758179,0.0,0.0,0.0,-0.0010000000474974513,False
1775658308070894592,5984000,0.0,0.0,1.56978440284729,0.0,0.0,0.0,-0.0010000000474974513,False
1775658308118894592,6032000,0.0,0.0,1.5699430704116821,0.0,0.0,0.0,-0.0010000000474974513,False
1775658308166894592,6080000,0.0,0.0,1.5701161623001099,0.0,0.0,0.0,-0.0010000000474974513,False
1775658308214894592,6128000,0.0,0.0,1.5703078508377075,0.0,0.0,0.0,-0.0010000000474974513,False
1775658308270894592,6184000,0.0,0.0,1.5703006982803345,0.0,0.0,0.0,-0.0010000000474974513,False
1775658308318894592,6232000,0.0,0.0,1.5703251361846924,0.0,0.0,0.0,-0.0010000000474974513,False
1775658308366894592,6280000,0.0,0.0,1.5704889297485352,0.0,0.0,0.0,-0.0010000000474974513,False
1775658308414894592,6328000,0.0,0.0,1.570412278175354,0.0,0.0,0.0,-0.0010000000474974513,False
1775658308470894592,6384000,0.0,0.0,1.5701911449432373,0.0,0.0,0.0,-0.0010000000474974513,False
1775658308518894592,6432000,0.0,0.0,1.5698823928833008,0.0,0.0,0.0,-0.0010000000474974513,False
1775658308566894592,6480000,0.0,0.0,1.5695972442626953,0.0,0.0,0.0,-0.0010000000474974513,False
1775658308614894592,6528000,0.0,0.0,1.569366216659546,0.0,0.0,0.0,-0.0010000000474974513,False
1775658308670894592,6584000,0.0,0.0,1.5690479278564453,0.0,0.0,0.0,-0.0010000000474974513,False
1775658308718894592,6632000,0.0,0.0,1.5686863660812378,0.0,0.0,0.0,-0.0010000000474974513,False
1775658308766894592,6680000,0.0,0.0,1.5679539442062378,0.0,0.0,0.0,-0.0010000000474974513,False
1775658308814894592,6728000,0.0,0.0,1.5673269033432007,0.0,0.0,0.0,-0.0010000000474974513,False
1775658308870894592,6784000,0.0,0.0,1.5665730237960815,0.0,0.0,0.0,-0.0010000000474974513,False
1775658308918894592,6832000,0.0,0.0,1.5659217834472656,0.0,0.0,0.0,-0.0010000000474974513,False
1775658308966894592,6880000,0.0,0.0,1.565427303314209,0.0,0.0,0.0,-0.0010000000474974513,False
1775658309014894592,6928000,0.0,0.0,1.5650744438171387,0.0,0.0,0.0,-0.0010000000474974513,False
1775658309070894592,6984000,0.0,0.0,1.5648146867752075,0.0,0.0,0.0,-0.0010000000474974513,False
1775658309118894592,7032000,0.0,0.0,1.564648985862732,0.0,0.0,0.0,-0.0010000000474974513,False
1775658309166894592,7080000,0.0,0.0,1.5646113157272339,0.0,0.0,0.0,-0.0010000000474974513,False
1775658309214894592,7128000,0.0,0.0,1.5646954774856567,0.0,0.0,0.0,-0.0010000000474974513,False
1775658309262894592,7176000,0.0,0.0,1.5649484395980835,0.0,0.0,0.0,-0.0010000000474974513,False
1775658309318894592,7232000,0.0,0.0,1.5653173923492432,0.0,0.0,0.0,-0.0010000000474974513,False
1775658309366894592,7280000,0.0,0.0,1.565682291984558,0.0,0.0,0.0,-0.0010000000474974513,False
1775658309414894592,7328000,0.0,0.0,1.5661489963531494,0.0,0.0,0.0,-0.0010000000474974513,False
1775658309470894592,7384000,0.0,0.0,1.5669138431549072,0.0,0.0,0.0,-0.0010000000474974513,False
1775658309518894592,7432000,0.0,0.0,1.56758713722229,0.0,0.0,0.0,-0.0010000000474974513,False
1775658309566894592,7480000,0.0,0.0,1.5681861639022827,0.0,0.0,0.0,-0.0010000000474974513,False
1775658309614894592,7528000,0.0,0.0,1.5688049793243408,0.0,0.0,0.0,-0.0010000000474974513,False
1775658309670894592,7584000,0.0,0.0,1.5693833827972412,0.0,0.0,0.0,-0.0010000000474974513,False
1775658309718894592,7632000,0.0,0.0,1.5698137283325195,0.0,0.0,0.0,-0.0010000000474974513,False
1775658309766894592,7680000,0.0,0.0,1.5702370405197144,0.0,0.0,0.0,-0.0010000000474974513,False
1775658309814894592,7728000,0.0,0.0,1.5707024335861206,0.0,0.0,0.0,-0.0010000000474974513,False
1775658309870894592,7784000,0.0,-0.0,1.5711663961410522,0.0,0.0,0.0,-0.0010000000474974513,False
1775658309918894592,7832000,0.0,-0.0,1.571547269821167,0.0,0.0,0.0,-0.0010000000474974513,False
1775658309966894592,7880000,0.0,-0.0,1.571908950805664,0.0,0.0,0.0,-0.0010000000474974513,False
1775658310014894592,7928000,0.0,-0.0,1.5722465515136719,0.0,0.0,0.0,-0.0010000000474974513,False
1775658310070894592,7984000,0.0,-0.0,1.5725898742675781,0.0,0.0,0.0,-0.0010000000474974513,False
1775658310118894592,8032000,0.0,-0.0,1.5728389024734497,0.0,0.0,0.0,-0.0010000000474974513,False
1775658310166894592,8080000,0.0,-0.0,1.5729318857192993,0.0,0.0,0.0,-0.0010000000474974513,False
1775658310214894592,8128000,0.0,-0.0,1.5730005502700806,0.0,0.0,0.0,-0.0010000000474974513,False
1775658310270894592,8184000,0.0,-0.0,1.5730916261672974,0.0,0.0,0.0,-0.0010000000474974513,False
1775658310318894592,8232000,0.0,-0.0,1.5732530355453491,0.0,0.0,0.0,-0.0010000000474974513,False
1775658310366894592,8280000,0.0,-0.0,1.5733658075332642,0.0,0.0,0.0,-0.0010000000474974513,False
1775658310414894592,8328000,0.0,-0.0,1.5734515190124512,0.0,0.0,0.0,-0.0010000000474974513,False
1775658310466894592,8380000,0.0,-0.0,1.5735208988189697,0.0,0.0,0.0,-0.0010000000474974513,False
1775658310514894592,8428000,0.0,-0.0,1.5735963582992554,0.0,0.0,0.0,-0.0010000000474974513,False
1775658310570894592,8484000,0.0,-0.0,1.5736950635910034,0.0,0.0,0.0,-0.0010000000474974513,False
1775658310618894592,8532000,0.0,-0.0,1.5737749338150024,0.0,0.0,0.0,-0.0010000000474974513,False
1775658310666894592,8580000,0.0,-0.0,1.5738656520843506,0.0,0.0,0.0,-0.0010000000474974513,False
1775658310714894592,8628000,0.0,-0.0,1.5739223957061768,0.0,0.0,0.0,-0.0010000000474974513,False
1775658310770894592,8684000,0.0,-0.0,1.5739482641220093,0.0,0.0,0.0,-0.0010000000474974513,False
1775658310818894592,8732000,0.0,-0.0,1.5739476680755615,0.0,0.0,0.0,-0.0010000000474974513,False
1775658310866894592,8780000,0.0,-0.0,1.5739052295684814,0.0,0.0,0.0,-0.0010000000474974513,False
1775658310914894592,8828000,0.0,-0.0,1.5739459991455078,0.0,0.0,0.0,-0.0010000000474974513,False
1775658310970894592,8884000,0.0,-0.0,1.5741769075393677,0.0,0.0,0.0,-0.0010000000474974513,False
1775658311010894592,8924000,0.0,-0.0,1.5744580030441284,0.0,0.0,0.0,-0.0010000000474974513,False
1775658311066894592,8980000,0.0,-0.0,1.5747005939483643,0.0,0.0,0.0,-0.0010000000474974513,False
1775658311114894592,9028000,0.0,-0.0,1.5748261213302612,0.0,0.0,0.0,-0.0010000000474974513,False
1775658311170894592,9084000,0.0,-0.0,1.5748929977416992,0.0,0.0,0.0,-0.0010000000474974513,False
1775658311210894592,9124000,0.0,-0.0,1.5749009847640991,0.0,0.0,0.0,-0.0010000000474974513,False
1775658311266894592,9180000,0.0,-0.0,1.5748811960220337,0.0,0.0,0.0,-0.0010000000474974513,False
1775658311314894592,9228000,0.0,-0.0,1.574857234954834,0.0,0.0,0.0,-0.0010000000474974513,False
1775658311370894592,9284000,0.0,-0.0,1.5747556686401367,0.0,0.0,0.0,-0.0010000000474974513,False
1775658311418894592,9332000,0.0,-0.0,1.5745826959609985,0.0,0.0,0.0,-0.0010000000474974513,False
1775658311466894592,9380000,0.0,-0.0,1.5743454694747925,0.0,0.0,0.0,-0.0010000000474974513,False
1775658311514894592,9428000,0.0,-0.0,1.5740224123001099,0.0,0.0,0.0,-0.0010000000474974513,False
1775658311570894592,9484000,0.0,-0.0,1.5736570358276367,0.0,0.0,0.0,-0.0010000000474974513,False
1775658311618894592,9532000,0.0,-0.0,1.5734082460403442,0.0,0.0,0.0,-0.0010000000474974513,False
1775658311666894592,9580000,0.0,-0.0,1.573188304901123,0.0,0.0,0.0,-0.0010000000474974513,False
1775658311714894592,9628000,0.0,-0.0,1.572998046875,0.0,0.0,0.0,-0.0010000000474974513,False
1775658311770894592,9684000,0.0,-0.0,1.5728613138198853,0.0,0.0,0.0,-0.0010000000474974513,False
1775658311818894592,9732000,0.0,-0.0,1.5728038549423218,0.0,0.0,0.0,-0.0010000000474974513,False
1775658311866894592,9780000,0.0,-0.0,1.5727591514587402,0.0,0.0,0.0,-0.0010000000474974513,False
1775658311914894592,9828000,0.0,-0.0,1.5725452899932861,0.0,0.0,0.0,-0.0010000000474974513,False
1775658311970894592,9884000,0.0,-0.0,1.572300910949707,0.0,0.0,0.0,-0.0010000000474974513,False
1775658312018894592,9932000,0.0,-0.0,1.5720863342285156,0.0,0.0,0.0,-0.0010000000474974513,False
1775658312066894592,9980000,0.0,-0.0,1.5720752477645874,0.0,0.0,0.0,-0.0010000000474974513,False
1775658312114894592,10028000,0.0,-0.0,1.5721659660339355,0.0,0.0,0.0,-0.0010000000474974513,False
1775658312170894592,10084000,0.0,-0.0,1.572376012802124,0.0,0.0,0.0,-0.0010000000474974513,False
1775658312210894592,10124000,0.0,-0.0,1.572587013244629,0.0,0.0,0.0,-0.0010000000474974513,False
1775658312266894592,10180000,0.0,-0.0,1.5728315114974976,0.0,0.0,0.0,-0.0010000000474974513,False
1775658312314894592,10228000,0.0,-0.0,1.5730987787246704,0.0,0.0,0.0,-0.0010000000474974513,False
1775658312362894592,10276000,0.0,-0.0,1.5734241008758545,0.0,0.0,0.0,-0.0010000000474974513,False
1775658312418894592,10332000,0.0,-0.0,1.5737465620040894,0.0,0.0,0.0,-0.0010000000474974513,False
1775658312466894592,10380000,0.0,-0.0,1.5740108489990234,0.0,0.0,0.0,-0.0010000000474974513,False
1775658312514894592,10428000,0.0,-0.0,1.5742733478546143,0.0,0.0,0.0,-0.0010000000474974513,False
1775658312570894592,10484000,0.0,-0.0,1.574444055557251,0.0,0.0,0.0,-0.0010000000474974513,False
1775658312618894592,10532000,0.0,-0.0,1.574464201927185,0.0,0.0,0.0,-0.0010000000474974513,False
1775658312666894592,10580000,0.0,-0.0,1.574425220489502,0.0,0.0,0.0,-0.0010000000474974513,False
1775658312714894592,10628000,0.0,-0.0,1.5743345022201538,0.0,0.0,0.0,-0.0010000000474974513,False
1775658312770894592,10684000,0.0,-0.0,1.5740798711776733,0.0,0.0,0.0,-0.0010000000474974513,False
1775658312818894592,10732000,0.0,-0.0,1.5739573240280151,0.0,0.0,0.0,-0.0010000000474974513,False
1775658312866894592,10780000,0.0,-0.0,1.573859691619873,0.0,0.0,0.0,-0.0010000000474974513,False
1775658312914894592,10828000,0.0,-0.0,1.5737111568450928,0.0,0.0,0.0,-0.0010000000474974513,False
1775658312962894592,10876000,0.0,-0.0,1.5735900402069092,0.0,0.0,0.0,-0.0010000000474974513,False
1775658313018894592,10932000,0.0,-0.0,1.5734912157058716,0.0,0.0,0.0,-0.0010000000474974513,False
1775658313066894592,10980000,0.0,-0.0,1.5735365152359009,0.0,0.0,0.0,-0.0010000000474974513,False
1775658313114894592,11028000,0.0,-0.0,1.573614239692688,0.0,0.0,0.0,-0.0010000000474974513,False
1775658313170894592,11084000,0.0,-0.0,1.573700189590454,0.0,0.0,0.0,-0.0010000000474974513,False
1775658313218894592,11132000,0.0,-0.0,1.5737111568450928,0.0,0.0,0.0,-0.0010000000474974513,False
1775658313266894592,11180000,0.0,-0.0,1.573724389076233,0.0,0.0,0.0,-0.0010000000474974513,False
1775658313314894592,11228000,0.0,-0.0,1.5737018585205078,0.0,0.0,0.0,-0.0010000000474974513,False
1775658313370894592,11284000,0.0,-0.0,1.573736548423767,0.0,0.0,0.0,-0.0010000000474974513,False
1775658313418894592,11332000,0.0,-0.0,1.5737996101379395,0.0,0.0,0.0,-0.0010000000474974513,False
1775658313466894592,11380000,0.0,-0.0,1.5738862752914429,0.0,0.0,0.0,-0.0010000000474974513,False
1775658313514894592,11428000,0.0,-0.0,1.5739425420761108,0.0,0.0,0.0,-0.0010000000474974513,False
1775658313570894592,11484000,0.0,-0.0,1.573900580406189,0.0,0.0,0.0,-0.0010000000474974513,False
1775658313618894592,11532000,0.0,-0.0,1.573980450630188,0.0,0.0,0.0,-0.0010000000474974513,False
1775658313666894592,11580000,0.0,-0.0,1.5740692615509033,0.0,0.0,0.0,-0.0010000000474974513,False
1775658313714894592,11628000,0.0,-0.0,1.5740771293640137,0.0,0.0,0.0,-0.0010000000474974513,False
1775658313770894592,11684000,0.0,-0.0,1.5741057395935059,0.0,0.0,0.0,-0.0010000000474974513,False
1775658313818894592,11732000,0.0,-0.0,1.5740615129470825,0.0,0.0,0.0,-0.0010000000474974513,False
1775658313866894592,11780000,0.0,-0.0,1.573991298675537,0.0,0.0,0.0,-0.0010000000474974513,False
1775658313914894592,11828000,0.0,-0.0,1.5739222764968872,0.0,0.0,0.0,-0.0010000000474974513,False
1775658313970894592,11884000,0.0,-0.0,1.5739043951034546,0.0,0.0,0.0,-0.0010000000474974513,False
1775658314018894592,11932000,0.0,-0.0,1.5739151239395142,0.0,0.0,0.0,-0.0010000000474974513,False
1775658314066894592,11980000,0.0,-0.0,1.5739489793777466,0.0,0.0,0.0,-0.0010000000474974513,False
1775658314114894592,12028000,0.0,-0.0,1.5739506483078003,0.0,0.0,0.0,-0.0010000000474974513,False
1775658314170894592,12084000,0.0,-0.0,1.5739874839782715,0.0,0.0,0.0,-0.0010000000474974513,False
1775658314218894592,12132000,0.0,-0.0,1.5740903615951538,0.0,0.0,0.0,-0.0010000000474974513,False
1775658314266894592,12180000,0.0,-0.0,1.5741653442382812,0.0,0.0,0.0,-0.0010000000474974513,False
1775658314314894592,12228000,0.0,-0.0,1.5742015838623047,0.0,0.0,0.0,-0.0010000000474974513,False
1775658314362894592,12276000,0.0,-0.0,1.5742149353027344,0.0,0.0,0.0,-0.0010000000474974513,False
1775658314410894592,12324000,0.0,-0.0,1.5742130279541016,0.0,0.0,0.0,-0.0010000000474974513,False
1775658314466894592,12380000,0.0,-0.0,1.5741196870803833,0.0,0.0,0.0,-0.0010000000474974513,False
1775658314514894592,12428000,0.0,-0.0,1.5739922523498535,0.0,0.0,0.0,-0.0010000000474974513,False
1775658314570894592,12484000,0.0,-0.0,1.5738574266433716,0.0,0.0,0.0,-0.0010000000474974513,False
1775658314618894592,12532000,0.0,-0.0,1.573677659034729,0.0,0.0,0.0,-0.0010000000474974513,False
1775658314666894592,12580000,0.0,-0.0,1.5735080242156982,0.0,0.0,0.0,-0.0010000000474974513,False
1775658314714894592,12628000,0.0,-0.0,1.5733494758605957,0.0,0.0,0.0,-0.0010000000474974513,False
1775658314762894592,12676000,0.0,-0.0,1.573286771774292,0.0,0.0,0.0,-0.0010000000474974513,False
1775658314818894592,12732000,0.0,-0.0,1.5733201503753662,0.0,0.0,0.0,-0.0010000000474974513,False
1775658314866894592,12780000,0.0,-0.0,1.5733537673950195,0.0,0.0,0.0,-0.0010000000474974513,False
1775658314914894592,12828000,0.0,-0.0,1.573261022567749,0.0,0.0,0.0,-0.0010000000474974513,False
1775658314970894592,12884000,0.0,-0.0,1.5731239318847656,0.0,0.0,0.0,-0.0010000000474974513,False
1775658315018894592,12932000,0.0,-0.0,1.5729764699935913,0.0,0.0,0.0,-0.0010000000474974513,False
1775658315066894592,12980000,0.0,-0.0,1.5727088451385498,0.0,0.0,0.0,-0.0010000000474974513,False
1775658315114894592,13028000,0.0,-0.0,1.5724714994430542,0.0,0.0,0.0,-0.0010000000474974513,False
1775658315170894592,13084000,0.0,-0.0,1.572229266166687,0.0,0.0,0.0,-0.0010000000474974513,False
1775658315218894592,13132000,0.0,-0.0,1.5720397233963013,0.0,0.0,0.0,-0.0010000000474974513,False
1775658315266894592,13180000,0.0,-0.0,1.5718475580215454,0.0,0.0,0.0,-0.0010000000474974513,False
1775658315314894592,13228000,0.0,-0.0,1.5716383457183838,0.0,0.0,0.0,-0.0010000000474974513,False
1775658315362894592,13276000,0.0,-0.0,1.57135009765625,0.0,0.0,0.0,-0.0010000000474974513,False
1775658315410894592,13324000,0.0,-0.0,1.5711768865585327,0.0,0.0,0.0,-0.0010000000474974513,False
1775658315466894592,13380000,0.0,-0.0,1.571065068244934,0.0,0.0,0.0,-0.0010000000474974513,False
1775658315514894592,13428000,0.0,-0.0,1.5710407495498657,0.0,0.0,0.0,-0.0010000000474974513,False
1775658315570894592,13484000,0.0,-0.0,1.5710337162017822,0.0,0.0,0.0,-0.0010000000474974513,False
1775658315610894592,13524000,0.0,-0.0,1.5710915327072144,0.0,0.0,0.0,-0.0010000000474974513,False
1775658315666894592,13580000,0.0,-0.0,1.571189045906067,0.0,0.0,0.0,-0.0010000000474974513,False
1775658315714894592,13628000,0.0,-0.0,1.5712528228759766,0.0,0.0,0.0,-0.0010000000474974513,False
1775658315770894592,13684000,0.0,-0.0,1.5713733434677124,0.0,0.0,0.0,-0.0010000000474974513,False
1775658315818894592,13732000,0.0,-0.0,1.5714632272720337,0.0,0.0,0.0,-0.0010000000474974513,False
1775658315866894592,13780000,0.0,-0.0,1.5715241432189941,0.0,0.0,0.0,-0.0010000000474974513,False
1775658315914894592,13828000,0.0,-0.0,1.571509599685669,0.0,0.0,0.0,-0.0010000000474974513,False
1775658315970894592,13884000,0.0,-0.0,1.5715067386627197,0.0,0.0,0.0,-0.0010000000474974513,False
1775658316018894592,13932000,0.0,-0.0,1.5714854001998901,0.0,0.0,0.0,-0.0010000000474974513,False
1775658316066894592,13980000,0.0,-0.0,1.5714507102966309,0.0,0.0,0.0,-0.0010000000474974513,False
1775658316114894592,14028000,0.0,-0.0,1.571473479270935,0.0,0.0,0.0,-0.0010000000474974513,False
1775658316170894592,14084000,0.0,-0.0,1.5714576244354248,0.0,0.0,0.0,-0.0010000000474974513,False
1775658316218894592,14132000,0.0,-0.0,1.5714163780212402,0.0,0.0,0.0,-0.0010000000474974513,False
1775658316266894592,14180000,0.0,-0.0,1.5713832378387451,0.0,0.0,0.0,-0.0010000000474974513,False
1775658316314894592,14228000,0.0,-0.0,1.5713063478469849,0.0,0.0,0.0,-0.0010000000474974513,False
1775658316370894592,14284000,0.0,-0.0,1.5712273120880127,0.0,0.0,0.0,-0.0010000000474974513,False
1775658316418894592,14332000,0.0,-0.0,1.571189284324646,0.0,0.0,0.0,-0.0010000000474974513,False
1775658316466894592,14380000,0.0,-0.0,1.571158528327942,0.0,0.0,0.0,-0.0010000000474974513,False
1775658316514894592,14428000,0.0,-0.0,1.5711175203323364,0.0,0.0,0.0,-0.0010000000474974513,False
1775658316570894592,14484000,0.0,-0.0,1.571047306060791,0.0,0.0,0.0,-0.0010000000474974513,False
1775658316618894592,14532000,0.0,-0.0,1.5709413290023804,0.0,0.0,0.0,-0.0010000000474974513,False
1775658316666894592,14580000,0.0,-0.0,1.5708858966827393,0.0,0.0,0.0,-0.0010000000474974513,False
1775658316714894592,14628000,0.0,-0.0,1.5708551406860352,0.0,0.0,0.0,-0.0010000000474974513,False
1775658316770894592,14684000,0.0,-0.0,1.5708434581756592,0.0,0.0,0.0,-0.0010000000474974513,False
1775658316818894592,14732000,0.0,0.0,1.570796012878418,0.0,0.0,0.0,-0.0010000000474974513,False
1775658316866894592,14780000,0.0,0.0,1.5707120895385742,0.0,0.0,0.0,-0.0010000000474974513,False
1775658316914894592,14828000,0.0,0.0,1.57062828540802,0.0,0.0,0.0,-0.0010000000474974513,False
1775658316970894592,14884000,0.0,0.0,1.5705510377883911,0.0,0.0,0.0,-0.0010000000474974513,False
1775658317018894592,14932000,0.0,0.0,1.5705403089523315,0.0,0.0,0.0,-0.0010000000474974513,False
1775658317066894592,14980000,0.0,0.0,1.5705784559249878,0.0,0.0,0.0,-0.0010000000474974513,False
1775658317114894592,15028000,0.0,0.0,1.5706619024276733,0.0,0.0,0.0,-0.0010000000474974513,False
1775658317170894592,15084000,0.0,-0.0,1.5708107948303223,0.0,0.0,0.0,-0.0010000000474974513,False
1775658317218894592,15132000,0.0,-0.0,1.5709190368652344,0.0,0.0,0.0,-0.0010000000474974513,False
1775658317266894592,15180000,0.0,-0.0,1.571007490158081,0.0,0.0,0.0,-0.0010000000474974513,False
1775658317314894592,15228000,0.0,-0.0,1.5710324048995972,0.0,0.0,0.0,-0.0010000000474974513,False
1775658317370894592,15284000,0.0,-0.0,1.5710206031799316,0.0,0.0,0.0,-0.0010000000474974513,False
1775658317418894592,15332000,0.0,-0.0,1.5710119009017944,0.0,0.0,0.0,-0.0010000000474974513,False
1775658317466894592,15380000,0.0,-0.0,1.5710124969482422,0.0,0.0,0.0,-0.0010000000474974513,False
1775658317514894592,15428000,0.0,-0.0,1.5709677934646606,0.0,0.0,0.0,-0.0010000000474974513,False
1775658317570894592,15484000,0.0,-0.0,1.5709530115127563,0.0,0.0,0.0,-0.0010000000474974513,False
1775658317618894592,15532000,0.0,-0.0,1.570941686630249,0.0,0.0,0.0,-0.0010000000474974513,False
1775658317666894592,15580000,0.0,-0.0,1.5709363222122192,0.0,0.0,0.0,-0.0010000000474974513,False
1775658317714894592,15628000,0.0,-0.0,1.5708874464035034,0.0,0.0,0.0,-0.0010000000474974513,False
1775658317770894592,15684000,0.0,0.0,1.5707731246948242,0.0,0.0,0.0,-0.0010000000474974513,False
1775658317818894592,15732000,0.0,0.0,1.5705904960632324,0.0,0.0,0.0,-0.0010000000474974513,False
1775658317866894592,15780000,0.0,0.0,1.5704129934310913,0.0,0.0,0.0,-0.0010000000474974513,False
1775658317914894592,15828000,0.0,0.0,1.5702342987060547,0.0,0.0,0.0,-0.0010000000474974513,False
1775658317970894592,15884000,0.0,0.0,1.5700607299804688,0.0,0.0,0.0,-0.0010000000474974513,False
1775658318018894592,15932000,0.0,0.0,1.5699124336242676,0.0,0.0,0.0,-0.0010000000474974513,False
1775658318066894592,15980000,0.0,0.0,1.5697498321533203,0.0,0.0,0.0,-0.0010000000474974513,False
1775658318114894592,16028000,0.0,0.0,1.5695961713790894,0.0,0.0,0.0,-0.0010000000474974513,False
1775658318170894592,16084000,0.0,0.0,1.5694462060928345,0.0,0.0,0.0,-0.0010000000474974513,False
1775658318218894592,16132000,0.0,0.0,1.5693470239639282,0.0,0.0,0.0,-0.0010000000474974513,False
1775658318266894592,16180000,0.0,0.0,1.569283366203308,0.0,0.0,0.0,-0.0010000000474974513,False
1775658318314894592,16228000,0.0,0.0,1.5692766904830933,0.0,0.0,0.0,-0.0010000000474974513,False
1775658318370894592,16284000,0.0,0.0,1.5693165063858032,0.0,0.0,0.0,-0.0010000000474974513,False
1775658318418894592,16332000,0.0,0.0,1.569305658340454,0.0,0.0,0.0,-0.0010000000474974513,False
1775658318466894592,16380000,0.0,0.0,1.5693013668060303,0.0,0.0,0.0,-0.0010000000474974513,False
1775658318514894592,16428000,0.0,0.0,1.5693150758743286,0.0,0.0,0.0,-0.0010000000474974513,False
1775658318570894592,16484000,0.0,0.0,1.5692369937896729,0.0,0.0,0.0,-0.0010000000474974513,False
1775658318618894592,16532000,0.0,0.0,1.569192886352539,0.0,0.0,0.0,-0.0010000000474974513,False
1775658318666894592,16580000,0.0,0.0,1.5691280364990234,0.0,0.0,0.0,-0.0010000000474974513,False
1775658318714894592,16628000,0.0,0.0,1.569002628326416,0.0,0.0,0.0,-0.0010000000474974513,False
1775658318762894592,16676000,0.0,0.0,1.5690090656280518,0.0,0.0,0.0,-0.0010000000474974513,False
1775658318818894592,16732000,0.0,0.0,1.5690661668777466,0.0,0.0,0.0,-0.0010000000474974513,False
1775658318866894592,16780000,0.0,0.0,1.5691251754760742,0.0,0.0,0.0,-0.0010000000474974513,False
1775658318914894592,16828000,0.0,0.0,1.5691688060760498,0.0,0.0,0.0,-0.0010000000474974513,False
1775658318970894592,16884000,0.0,0.0,1.569207787513733,0.0,0.0,0.0,-0.0010000000474974513,False
1775658319018894592,16932000,0.0,0.0,1.5692473649978638,0.0,0.0,0.0,-0.0010000000474974513,False
1775658319066894592,16980000,0.0,0.0,1.5691747665405273,0.0,0.0,0.0,-0.0010000000474974513,False
1775658319114894592,17028000,0.0,0.0,1.569091558456421,0.0,0.0,0.0,-0.0010000000474974513,False
1775658319162894592,17076000,0.0,0.0,1.5690094232559204,0.0,0.0,0.0,-0.0010000000474974513,False
1775658319218894592,17132000,0.0,0.0,1.5689104795455933,0.0,0.0,0.0,-0.0010000000474974513,False
1775658319266894592,17180000,0.0,0.0,1.5688610076904297,0.0,0.0,0.0,-0.0010000000474974513,False
1775658319314894592,17228000,0.0,0.0,1.5687726736068726,0.0,0.0,0.0,-0.0010000000474974513,False
1775658319362894592,17276000,0.0,0.0,1.5686984062194824,0.0,0.0,0.0,-0.0010000000474974513,False
1775658319418894592,17332000,0.0,0.0,1.5686931610107422,0.0,0.0,0.0,-0.0010000000474974513,False
1775658319466894592,17380000,0.0,0.0,1.568700909614563,0.0,0.0,0.0,-0.0010000000474974513,False
1775658319514894592,17428000,0.0,0.0,1.5687121152877808,0.0,0.0,0.0,-0.0010000000474974513,False
1775658319570894592,17484000,0.0,0.0,1.5687589645385742,0.0,0.0,0.0,-0.0010000000474974513,False
1775658319618894592,17532000,0.0,0.0,1.5688334703445435,0.0,0.0,0.0,-0.0010000000474974513,False
1775658319666894592,17580000,0.0,0.0,1.5689078569412231,0.0,0.0,0.0,-0.0010000000474974513,False
1775658319714894592,17628000,0.0,0.0,1.568976640701294,0.0,0.0,0.0,-0.0010000000474974513,False
1775658319770894592,17684000,0.0,0.0,1.5690710544586182,0.0,0.0,0.0,-0.0010000000474974513,False
1775658319810894592,17724000,0.0,0.0,1.5690807104110718,0.0,0.0,0.0,-0.0010000000474974513,False
1775658319866894592,17780000,0.0,0.0,1.5690953731536865,0.0,0.0,0.0,-0.0010000000474974513,False
1775658319914894592,17828000,0.0,0.0,1.569093942642212,0.0,0.0,0.0,-0.0010000000474974513,False
1775658319962894592,17876000,0.0,0.0,1.569097876548767,0.0,0.0,0.0,-0.0010000000474974513,False
1775658320018894592,17932000,0.0,0.0,1.5691691637039185,0.0,0.0,0.0,-0.0010000000474974513,False
1775658320066894592,17980000,0.0,0.0,1.5692548751831055,0.0,0.0,0.0,-0.0010000000474974513,False
1775658320114894592,18028000,0.0,0.0,1.5693310499191284,0.0,0.0,0.0,-0.0010000000474974513,False
1775658320170894592,18084000,0.0,0.0,1.5693844556808472,0.0,0.0,0.0,-0.0010000000474974513,False
1775658320218894592,18132000,0.0,0.0,1.5693756341934204,0.0,0.0,0.0,-0.0010000000474974513,False
1775658320266894592,18180000,0.0,0.0,1.5692527294158936,0.0,0.0,0.0,-0.0010000000474974513,False
1775658320314894592,18228000,0.0,0.0,1.569040298461914,0.0,0.0,0.0,-0.0010000000474974513,False
1775658320370894592,18284000,0.0,0.0,1.5687599182128906,0.0,0.0,0.0,-0.0010000000474974513,False
1775658320418894592,18332000,0.0,0.0,1.5685864686965942,0.0,0.0,0.0,-0.0010000000474974513,False
1775658320466894592,18380000,0.0,0.0,1.5684019327163696,0.0,0.0,0.0,-0.0010000000474974513,False
1775658320514894592,18428000,0.0,0.0,1.5682399272918701,0.0,0.0,0.0,-0.0010000000474974513,False
1775658320570894592,18484000,0.0,0.0,1.5682060718536377,0.0,0.0,0.0,-0.0010000000474974513,False
1775658320618894592,18532000,0.0,0.0,1.568178415298462,0.0,0.0,0.0,-0.0010000000474974513,False
1775658320666894592,18580000,0.0,0.0,1.568185567855835,0.0,0.0,0.0,-0.0010000000474974513,False
1775658320714894592,18628000,0.0013325032778084278,0.0029114342760294676,1.5688828229904175,0.0,0.0,0.0,-0.004172028042376041,False
1775658320770894592,18684000,0.0002629330847412348,0.00274959416128695,1.5688828229904175,0.0,0.0,0.0,-0.012505055405199528,False
1775658320818894592,18732000,0.00025923456996679306,0.003578745061531663,1.5688828229904175,0.0,0.0,0.0,-0.020348653197288513,False
1775658320866894592,18780000,-0.0001224880979862064,0.004068796988576651,1.5688828229904175,0.0,0.0,0.0,-0.028736375272274017,False
1775658320914894592,18828000,-0.0004980096709914505,0.004241584334522486,1.5688828229904175,0.0,0.0,0.0,-0.037823811173439026,False
1775658320970894592,18884000,-0.0007749376818537712,0.004474674817174673,1.5688828229904175,0.0,0.0,0.0,-0.04928084462881088,False
1775658321018894592,18932000,-0.0009566799271851778,0.0046492330729961395,1.5688828229904175,0.0,0.0,0.0,-0.05954610928893089,False
1775658321066894592,18980000,-0.0012291563907638192,0.004610661417245865,1.5688828229904175,0.0,0.0,0.0,-0.0698724240064621,False
1775658321114894592,19028000,-0.0016886346274986863,0.0046717142686247826,1.5688828229904175,0.0,0.0,0.0,-0.08076351881027222,False
1775658321170894592,19084000,-0.0028518466278910637,0.00465504452586174,1.5688828229904175,0.0,0.0,0.0,-0.09405649453401566,False
1775658321218894592,19132000,-0.0038536307401955128,0.004611958749592304,1.5688828229904175,0.0,0.0,0.0,-0.1059844046831131,False
1775658321266894592,19180000,-0.004614304285496473,0.004480413626879454,1.5688828229904175,0.0,0.0,0.0,-0.11849337071180344,False
1775658321314894592,19228000,-0.004086850211024284,0.0018234231974929571,1.5688828229904175,0.0,0.0,0.0,-0.13192316889762878,False
1775658321370894592,19284000,-0.004156515933573246,9.353491623187438e-05,1.5688828229904175,0.0,0.0,0.0,-0.14822962880134583,False
1775658321418894592,19332000,-0.003924989607185125,-0.0009623686200939119,1.5688828229904175,0.0,0.0,0.0,-0.16273164749145508,False
1775658321466894592,19380000,-0.00378786469809711,-0.001879765302874148,1.5688828229904175,0.0,0.0,0.0,-0.17774122953414917,False
1775658321514894592,19428000,-0.003691827179864049,-0.0026670019142329693,1.5688828229904175,0.0,0.0,0.0,-0.1932678073644638,False
1775658321562894592,19476000,-0.003243710147216916,-0.0019142315723001957,1.5688828229904175,0.0,0.0,0.0,-0.20958779752254486,False
1775658321610894592,19524000,-0.002954568713903427,-0.0016476149903610349,1.5688828229904175,0.0,0.0,0.0,-0.2263949066400528,False
1775658321666894592,19580000,-0.00238754041492939,-0.0015890576178207994,1.5688828229904175,0.0,0.0,0.0,-0.2466302514076233,False
1775658321714894592,19628000,-0.0019379594596102834,-0.001637565903365612,1.5688828229904175,0.0,0.0,0.0,-0.2645223140716553,False
1775658321770894592,19684000,-0.001732582924887538,-0.0016127616399899125,1.5688828229904175,0.0,0.0,0.0,-0.2859989106655121,False
1775658321818894592,19732000,-0.0022513202857226133,-0.0017767981626093388,1.5688828229904175,0.0,0.0,0.0,-0.304908812046051,False
1775658321866894592,19780000,-0.0026312933769077063,-0.00179139687679708,1.5688828229904175,0.0,0.0,0.0,-0.3243041932582855,False
1775658321914894592,19828000,-0.0024019344709813595,-0.0015672157751396298,1.5688828229904175,0.0,0.0,0.0,-0.34434494376182556,False
1775658321970894592,19884000,-0.0019840141758322716,-0.0011440715752542019,1.5688828229904175,0.0,0.0,0.0,-0.36848875880241394,False
1775658322018894592,19932000,-0.002259626053273678,-0.0011538625694811344,1.5688828229904175,0.0,0.0,0.0,-0.38972604274749756,False
1775658322066894592,19980000,-0.003980075009167194,-0.0019259750843048096,1.5688828229904175,0.0,0.0,0.0,-0.41149604320526123,False
1775658322114894592,20028000,-0.005158685147762299,-0.0023861732333898544,1.5688828229904175,0.0,0.0,0.0,-0.4337042272090912,False
1775658322170894592,20084000,-0.005506434477865696,-0.0033054277300834656,1.5688828229904175,0.0,0.0,0.0,-0.4602953791618347,False
1775658322218894592,20132000,-0.005605978425592184,-0.004076114855706692,1.5688828229904175,0.0,0.0,0.0,-0.4836422801017761,False
1775658322266894592,20180000,-0.005934407003223896,-0.004652544856071472,1.5688828229904175,0.0,0.0,0.0,-0.5074864625930786,False
1775658322314894592,20228000,-0.005670306272804737,-0.006415781565010548,1.5688828229904175,0.0,0.0,0.0,-0.531623363494873,False
1775658322370894592,20284000,-0.005587148945778608,-0.007866866886615753,1.5688828229904175,0.0,0.0,0.0,-0.5604685544967651,False
1775658322418894592,20332000,-0.005453124176710844,-0.009408566169440746,1.5688828229904175,0.0,0.0,0.0,-0.5857273936271667,False
1775658322466894592,20380000,-0.005378369241952896,-0.010892989113926888,1.5688828229904175,0.0,0.0,0.0,-0.6114944219589233,False
1775658322514894592,20428000,-0.005342384800314903,-0.012210029177367687,1.5688828229904175,0.0,0.0,0.0,-0.6377879977226257,False
1775658322570894592,20484000,-0.005984133575111628,-0.01377896498888731,1.5688828229904175,0.0,0.0,0.0,-0.6687096953392029,False
1775658322618894592,20532000,-0.006318957544863224,-0.014990804716944695,1.5688828229904175,0.0,0.0,0.0,-0.6958420872688293,False
1775658322670894592,20584000,-0.006656788755208254,-0.01602192036807537,1.5688828229904175,0.0,0.0,0.0,-0.7260596752166748,False
1775658322718894592,20632000,-0.006778854876756668,-0.013600106351077557,1.5688828229904175,0.0,0.0,0.0,-0.7536255121231079,False
1775658322766894592,20680000,-0.006594549864530563,-0.01448174100369215,1.5688828229904175,0.0,0.0,0.0,-0.7774293422698975,False
1775658322814894592,20728000,-0.006935501471161842,-0.01644502393901348,1.5688828229904175,0.0,0.0,0.0,-0.7952567338943481,False
1775658322862894592,20776000,-0.006466492544859648,-0.015603285282850266,1.5688828229904175,0.0,0.0,0.0,-0.8083548545837402,False
1775658322918894592,20832000,-0.004676729440689087,-0.012273047119379044,1.5688828229904175,0.0,0.0,0.0,-0.7961820363998413,False
1775658322966894592,20880000,-0.002958368044346571,-0.009229625575244427,1.5688828229904175,0.0,0.0,0.0,-0.7818384170532227,False
1775658323014894592,20928000,-0.0016213894123211503,-0.006852911319583654,1.5688828229904175,0.0,0.0,0.0,-0.7696886658668518,False
1775658323070894592,20984000,-0.0010918520856648684,-0.005144364666193724,1.5688828229904175,0.0,0.0,0.0,-0.7564147710800171,False
1775658323118894592,21032000,-0.0008458285592496395,-0.003844711696729064,1.5688828229904175,0.0,0.0,0.0,-0.7476306557655334,False
1775658323166894592,21080000,-0.0008074789075180888,-0.002143173012882471,1.5688828229904175,0.0,0.0,0.0,-0.7403783202171326,False
1775658323214894592,21128000,-0.0007266221800819039,-0.0004327541100792587,1.5688828229904175,0.0,0.0,0.0,-0.7346563935279846,False
1775658323270894592,21184000,-0.0010415124706923962,0.0011399294016882777,1.5688828229904175,0.0,0.0,0.0,-0.7298557162284851,False
1775658323318894592,21232000,-0.0018397674430161715,0.002710002241656184,1.5688828229904175,0.0,0.0,0.0,-0.7270961403846741,False
1775658323366894592,21280000,-0.0023270673118531704,0.004034962505102158,1.5688828229904175,0.0,0.0,0.0,-0.7251026630401611,False
1775658323414894592,21328000,-0.0026306365616619587,0.004845436662435532,1.5688828229904175,0.0,0.0,0.0,-0.7240394949913025,False
1775658323470894592,21384000,-0.0027389731258153915,0.005600041709840298,1.5688828229904175,0.0,0.0,0.0,-0.7235811352729797,False
1775658323518894592,21432000,-0.002756634494289756,0.00650768680498004,1.5688828229904175,0.0,0.0,0.0,-0.7229908108711243,False
1775658323566894592,21480000,-0.002684313105419278,0.00799022987484932,1.5688828229904175,0.0,0.0,0.0,-0.7212878465652466,False
1775658323614894592,21528000,-0.0024788982700556517,0.009039532393217087,1.5688828229904175,0.0,0.0,0.0,-0.7200825810432434,False
1775658323670894592,21584000,-0.0016443837666884065,0.01026742160320282,1.5688828229904175,0.0,0.0,0.0,-0.7193359136581421,False
1775658323718894592,21632000,-0.0007596975192427635,0.011087154038250446,1.5688828229904175,0.0,0.0,0.0,-0.7190748453140259,False
1775658323766894592,21680000,-2.5270286641898565e-05,0.011632000096142292,1.5688828229904175,0.0,0.0,0.0,-0.7190503478050232,False
1775658323814894592,21728000,0.0003755249490495771,0.011929619126021862,1.5688828229904175,0.0,0.0,0.0,-0.7187315225601196,False
1775658323870894592,21784000,0.0007487392285838723,0.012203678488731384,1.5688828229904175,0.0,0.0,0.0,-0.7186830043792725,False
1775658323918894592,21832000,0.002044469816610217,0.011748988181352615,1.5688828229904175,0.0,0.0,0.0,-0.7183557152748108,False
1775658323966894592,21880000,0.0032250694930553436,0.011250438168644905,1.5688828229904175,0.0,0.0,0.0,-0.718161404132843,False
1775658324014894592,21928000,0.0041369604878127575,0.01076685730367899,1.5688828229904175,0.0,0.0,0.0,-0.7182995676994324,False
1775658324070894592,21984000,0.006465671118348837,0.010777343064546585,1.5688828229904175,0.0,0.0,0.0,-0.7173182964324951,False
1775658324118894592,22032000,0.007773272227495909,0.01060351263731718,1.5688828229904175,0.0,0.0,0.0,-0.7170263528823853,False
1775658324166894592,22080000,0.007327695842832327,0.009920666925609112,1.5688828229904175,0.0,0.0,0.0,-0.7168145179748535,False
1775658324214894592,22128000,0.006543618161231279,0.009269830770790577,1.5688828229904175,0.0,0.0,0.0,-0.7168225646018982,False
1775658324270894592,22184000,0.005775251891463995,0.008831187151372433,1.5688828229904175,0.0,0.0,0.0,-0.7173839211463928,False
1775658324318894592,22232000,0.005065986420959234,0.008827809244394302,1.5688828229904175,0.0,0.0,0.0,-0.7186408042907715,False
1775658324366894592,22280000,0.004496760666370392,0.008757716044783592,1.5688828229904175,0.0,0.0,0.0,-0.7198177576065063,False
1775658324414894592,22328000,0.0047965459525585175,0.008576363325119019,1.5688828229904175,0.0,0.0,0.0,-0.7209939956665039,False
1775658324470894592,22384000,0.005613630171865225,0.008405422791838646,1.5688828229904175,0.0,0.0,0.0,-0.7222650647163391,False
1775658324518894592,22432000,0.005770255345851183,0.00829868484288454,1.5688828229904175,0.0,0.0,0.0,-0.723187267780304,False
1775658324566894592,22480000,0.004877814091742039,0.008432013913989067,1.5688828229904175,0.0,0.0,0.0,-0.7242098450660706,False
1775658324614894592,22528000,0.004243539180606604,0.00840744748711586,1.5688828229904175,0.0,0.0,0.0,-0.7249715328216553,False
1775658324670894592,22584000,0.0033047583419829607,0.008620562963187695,1.5688828229904175,0.0,0.0,0.0,-0.7259615659713745,False
1775658324718894592,22632000,0.002651375252753496,0.008741711266338825,1.5688828229904175,0.0,0.0,0.0,-0.7267747521400452,False
1775658324766894592,22680000,0.0020777720492333174,0.008699020370841026,1.5688828229904175,0.0,0.0,0.0,-0.7272767424583435,False
1775658324814894592,22728000,0.0014370220014825463,0.00806537177413702,1.5688828229904175,0.0,0.0,0.0,-0.7271566390991211,False
1775658324862894592,22776000,0.0010391823016107082,0.007516547571867704,1.5688828229904175,0.0,0.0,0.0,-0.7270072102546692,False
1775658324918894592,22832000,0.0012541227042675018,0.00692953635007143,1.5688828229904175,0.0,0.0,0.0,-0.7255295515060425,False
1775658324966894592,22880000,0.0015508470823988318,0.006457747425884008,1.5688828229904175,0.0,0.0,0.0,-0.7238212823867798,False
1775658325014894592,22928000,0.0016155564226210117,0.0059412685222923756,1.5688828229904175,0.0,0.0,0.0,-0.7227197289466858,False
1775658325070894592,22984000,0.0022055169101804495,0.006705630570650101,1.5688828229904175,0.0,0.0,0.0,-0.7239294648170471,False
1775658325118894592,23032000,0.0024757978972047567,0.006884456612169743,1.5688828229904175,0.0,0.0,0.0,-0.7248208522796631,False
1775658325166894592,23080000,0.002761811250820756,0.007635158021003008,1.5688828229904175,0.0,0.0,0.0,-0.7255257964134216,False
1775658325214894592,23128000,0.0030472762882709503,0.00825838278979063,1.5688828229904175,0.0,0.0,0.0,-0.7260594964027405,False
1775658325262894592,23176000,0.003150148084387183,0.008469697088003159,1.5688828229904175,0.0,0.0,0.0,-0.7263754606246948,False
1775658325310894592,23224000,0.0010235738009214401,0.00788248609751463,1.5688828229904175,0.0,0.0,0.0,-0.7260201573371887,False
1775658325366894592,23280000,-0.0007272736984305084,0.007279856596142054,1.5688828229904175,0.0,0.0,0.0,-0.7257140874862671,False
1775658325414894592,23328000,-0.0015812274068593979,0.007461512461304665,1.5688828229904175,0.0,0.0,0.0,-0.7258425354957581,False
1775658325470894592,23384000,-0.0022030118852853775,0.007745775394141674,1.5688828229904175,0.0,0.0,0.0,-0.7262483835220337,False
1775658325510894592,23424000,-0.0025948190595954657,0.007724441587924957,1.5688828229904175,0.0,0.0,0.0,-0.7264400124549866,False
1775658325566894592,23480000,-0.004087033681571484,0.008133115246891975,1.5688828229904175,0.0,0.0,0.0,-0.7254038453102112,False
1775658325614894592,23528000,-0.005062081851065159,0.008104993030428886,1.5688828229904175,0.0,0.0,0.0,-0.7247854471206665,False
1775658325670894592,23584000,-0.006208912469446659,0.00717312702909112,1.5688828229904175,0.0,0.0,0.0,-0.7248566150665283,False
1775658325718894592,23632000,-0.006921593099832535,0.00616787513718009,1.5688828229904175,0.0,0.0,0.0,-0.7252311110496521,False
1775658325766894592,23680000,-0.007399483118206263,0.005356795620173216,1.5688828229904175,0.0,0.0,0.0,-0.7255241870880127,False
1775658325814894592,23728000,-0.00844921637326479,0.004530153702944517,1.5688828229904175,0.0,0.0,0.0,-0.7252368330955505,False
1775658325870894592,23784000,-0.009232679381966591,0.0036855582147836685,1.5688828229904175,0.0,0.0,0.0,-0.7250525951385498,False
1775658325918894592,23832000,-0.009194403886795044,0.003104720963165164,1.5688828229904175,0.0,0.0,0.0,-0.7250583171844482,False
1775658325966894592,23880000,-0.008886858820915222,0.0026182536967098713,1.5688828229904175,0.0,0.0,0.0,-0.7251551151275635,False
1775658326014894592,23928000,-0.008695058524608612,0.002094296971336007,1.5688828229904175,0.0,0.0,0.0,-0.7252547740936279,False
1775658326070894592,23984000,-0.006750048138201237,0.0028005288913846016,1.5688828229904175,0.0,0.0,0.0,-0.7255709767341614,False
1775658326118894592,24032000,-0.005571105517446995,0.0029224129393696785,1.5688828229904175,0.0,0.0,0.0,-0.7258211970329285,False
1775658326166894592,24080000,-0.004485175013542175,0.0034223180264234543,1.5688828229904175,0.0,0.0,0.0,-0.7258307337760925,False
1775658326214894592,24128000,-0.0035738085862249136,0.003780017839744687,1.5688828229904175,0.0,0.0,0.0,-0.7258104085922241,False
1775658326270894592,24184000,-0.0030670026317238808,0.003968218807131052,1.5688828229904175,0.0,0.0,0.0,-0.7259129285812378,False
1775658326310894592,24224000,-0.003508594585582614,0.004390943329781294,1.5688828229904175,0.0,0.0,0.0,-0.7263891100883484,False
1775658326366894592,24280000,-0.0038595625665038824,0.004541844595223665,1.5688828229904175,0.0,0.0,0.0,-0.7269233465194702,False
1775658326414894592,24328000,-0.004133979789912701,0.004496993031352758,1.5688828229904175,0.0,0.0,0.0,-0.7265599370002747,False
1775658326470894592,24384000,-0.004400238394737244,0.004264863673597574,1.5688828229904175,0.0,0.0,0.0,-0.7254604697227478,False
1775658326518894592,24432000,-0.004165539983659983,0.004018242936581373,1.5688828229904175,0.0,0.0,0.0,-0.7249041795730591,False
1775658326566894592,24480000,-0.002885139547288418,0.0038006615359336138,1.5688828229904175,0.0,0.0,0.0,-0.7246883511543274,False
1775658326614894592,24528000,-0.0020216559059917927,0.003549964865669608,1.5688828229904175,0.0,0.0,0.0,-0.7246939539909363,False
1775658326670894592,24584000,-0.0004759104340337217,0.0024921507574617863,1.5688828229904175,0.0,0.0,0.0,-0.7246332168579102,False
1775658326718894592,24632000,0.0007211471092887223,0.0014083122368901968,1.5688828229904175,0.0,0.0,0.0,-0.7245608568191528,False
1775658326766894592,24680000,0.0014903249684721231,0.0005313449655659497,1.5688828229904175,0.0,0.0,0.0,-0.7246205806732178,False
1775658326814894592,24728000,0.002092519076541066,-0.0022972445003688335,1.5688828229904175,0.0,0.0,0.0,-0.7246338725090027,False
1775658326870894592,24784000,0.002425526734441519,-0.004457143601030111,1.5688828229904175,0.0,0.0,0.0,-0.7247747182846069,False
1775658326918894592,24832000,0.00298733776435256,-0.006460658740252256,1.5688828229904175,0.0,0.0,0.0,-0.7250961661338806,False
1775658326966894592,24880000,0.003529167966917157,-0.008115804754197598,1.5688828229904175,0.0,0.0,0.0,-0.7254412770271301,False
1775658327014894592,24928000,0.0038897423073649406,-0.009329177439212799,1.5688828229904175,0.0,0.0,0.0,-0.7258146405220032,False
1775658327070894592,24984000,0.004128438886255026,-0.007101345341652632,1.5688828229904175,0.0,0.0,0.0,-0.7260671257972717,False
1775658327118894592,25032000,0.004283667076379061,-0.006060146261006594,1.5688828229904175,0.0,0.0,0.0,-0.7262976169586182,False
1775658327166894592,25080000,0.004714902490377426,-0.005955462343990803,1.5688828229904175,0.0,0.0,0.0,-0.725918710231781,False
1775658327214894592,25128000,0.005030977539718151,-0.006006886251270771,1.5688828229904175,0.0,0.0,0.0,-0.7255057692527771,False
1775658327270894592,25184000,0.0047047333791852,-0.00585252046585083,1.5688828229904175,0.0,0.0,0.0,-0.7254854440689087,False
1775658327318894592,25232000,0.0027500588912516832,-0.0055410792119801044,1.5688828229904175,0.0,0.0,0.0,-0.7263526320457458,False
1775658327366894592,25280000,0.001436877646483481,-0.005322955083101988,1.5688828229904175,0.0,0.0,0.0,-0.726995587348938,False
1775658327414894592,25328000,0.0005583331803791225,-0.004899695049971342,1.5688828229904175,0.0,0.0,0.0,-0.7277570962905884,False
1775658327470894592,25384000,-4.67891622975003e-05,-0.004325932823121548,1.5688828229904175,0.0,0.0,0.0,-0.7286455631256104,False
1775658327518894592,25432000,-0.00028318914701230824,-0.0036592993419617414,1.5688828229904175,0.0,0.0,0.0,-0.7290332317352295,False
1775658327566894592,25480000,-5.079594120616093e-05,-0.002416335977613926,1.5688828229904175,0.0,0.0,0.0,-0.7286018133163452,False
1775658327614894592,25528000,5.4951269703451544e-05,-0.0015812577912583947,1.5688828229904175,0.0,0.0,0.0,-0.7282372713088989,False
1775658327670894592,25584000,8.816248009679839e-05,-0.0011417223140597343,1.5688828229904175,0.0,0.0,0.0,-0.7274737358093262,False
1775658327718894592,25632000,4.720031938632019e-05,-0.0010347251081839204,1.5688828229904175,0.0,0.0,0.0,-0.7267311215400696,False
1775658327766894592,25680000,-7.735971303191036e-05,-0.0007681549759581685,1.5688828229904175,0.0,0.0,0.0,-0.7263534069061279,False
1775658327814894592,25728000,-0.001280927681364119,-0.001157349906861782,1.5688828229904175,0.0,0.0,0.0,-0.7280763387680054,False
1775658327870894592,25784000,-0.002111732726916671,-0.0013188915327191353,1.5688828229904175,0.0,0.0,0.0,-0.7294215559959412,False
1775658327918894592,25832000,-0.002625284483656287,-0.0003758115344680846,1.5688828229904175,0.0,0.0,0.0,-0.729843020439148,False
1775658327966894592,25880000,-0.00293214269913733,0.0005858730874024332,1.5688828229904175,0.0,0.0,0.0,-0.7298688292503357,False
1775658328014894592,25928000,-0.003078143810853362,0.0011717888992279768,1.5688828229904175,0.0,0.0,0.0,-0.7297142148017883,False
1775658328070894592,25984000,-0.002753723645582795,0.002896738238632679,1.5688828229904175,0.0,0.0,0.0,-0.7303110957145691,False
1775658328118894592,26032000,-0.0025432095862925053,0.0037781703285872936,1.5688828229904175,0.0,0.0,0.0,-0.7304366230964661,False
1775658328166894592,26080000,-0.002156295347958803,0.005393215920776129,1.5688828229904175,0.0,0.0,0.0,-0.7297424674034119,False
1775658328214894592,26128000,-0.0017223331378772855,0.006810761988162994,1.5688828229904175,0.0,0.0,0.0,-0.7288169860839844,False
1775658328270894592,26184000,-0.0015692063607275486,0.0077922348864376545,1.5688828229904175,0.0,0.0,0.0,-0.7279741764068604,False
1775658328318894592,26232000,-0.0023605898022651672,0.008099144324660301,1.5688828229904175,0.0,0.0,0.0,-0.7274318933486938,False
1775658328366894592,26280000,-0.0029283317271620035,0.008178328163921833,1.5688828229904175,0.0,0.0,0.0,-0.7270383238792419,False
1775658328414894592,26328000,-0.0028792687226086855,0.008737805299460888,1.5688828229904175,0.0,0.0,0.0,-0.7269658446311951,False
1775658328470894592,26384000,-0.0024173613637685776,0.009524540044367313,1.5688828229904175,0.0,0.0,0.0,-0.727145254611969,False
1775658328518894592,26432000,-0.002337191253900528,0.009730076417326927,1.5688828229904175,0.0,0.0,0.0,-0.7271866202354431,False
1775658328566894592,26480000,-0.0028608895372599363,0.00946403481066227,1.5688828229904175,0.0,0.0,0.0,-0.7271326780319214,False
1775658328614894592,26528000,-0.0030566835775971413,0.009216954931616783,1.5688828229904175,0.0,0.0,0.0,-0.7270874381065369,False
1775658328670894592,26584000,-0.0031335107050836086,0.008934619836509228,1.5688828229904175,0.0,0.0,0.0,-0.7272145748138428,False
1775658328718894592,26632000,-0.0031933544669300318,0.008621063083410263,1.5688828229904175,0.0,0.0,0.0,-0.7272747755050659,False
1775658328766894592,26680000,-0.00320585910230875,0.008212653920054436,1.5688828229904175,0.0,0.0,0.0,-0.7272480130195618,False
1775658328814894592,26728000,-0.001564734149724245,-0.001442762091755867,1.5706373453140259,0.0,0.0,0.0,-0.6957386136054993,False
1775658328870894592,26784000,-0.0022945792879909277,-0.00325419451110065,1.5705686807632446,0.0,0.0,0.0,-0.66488116979599,False
1775658328918894592,26832000,-0.0025890558026731014,-0.004052588250488043,1.5704681873321533,0.0,0.0,0.0,-0.6927997469902039,False
1775658328966894592,26880000,-0.003153570694848895,-0.005366398021578789,1.5703984498977661,0.0,0.0,0.0,-0.7312813997268677,False
1775658329014894592,26928000,-0.003495023353025317,-0.0056367842480540276,1.5703951120376587,0.0,0.0,0.0,-0.7341822385787964,False
1775658329070894592,26984000,-0.003169387113302946,-0.004730758722871542,1.5704280138015747,0.0,0.0,0.0,-0.7361029982566833,False
1775658329118894592,27032000,-0.0029071259777992964,-0.00401320680975914,1.5704892873764038,0.0,0.0,0.0,-0.736758828163147,False
1775658329166894592,27080000,-0.0027178600430488586,-0.002697410061955452,1.5706098079681396,0.0,0.0,0.0,-0.7365376353263855,False
1775658329214894592,27128000,-0.00215660547837615,-0.0007708848570473492,1.5706957578659058,0.0,0.0,0.0,-0.7358842492103577,False
1775658329270894592,27184000,9.891049558063969e-05,0.004199192393571138,1.570849895477295,0.0,0.0,0.0,-0.7348336577415466,False
1775658329318894592,27232000,0.0013958384515717626,0.005333863664418459,1.571042776107788,0.0,0.0,0.0,-0.7330135107040405,False
1775658329366894592,27280000,0.002248181728646159,0.00595626188442111,1.5713950395584106,0.0,0.0,0.0,-0.7316226363182068,False
1775658329414894592,27328000,0.003155900863930583,0.006247850600630045,1.5715781450271606,0.0,0.0,0.0,-0.7297675609588623,False
1775658329470894592,27384000,0.004090440459549427,0.006437618751078844,1.571703314781189,0.0,0.0,0.0,-0.7273996472358704,False
1775658329518894592,27432000,0.004327010829001665,0.0062238541431725025,1.5717257261276245,0.0,0.0,0.0,-0.7261769771575928,False
1775658329566894592,27480000,0.0035521213430911303,0.00513459974899888,1.5716749429702759,0.0,0.0,0.0,-0.7250105142593384,False
1775658329614894592,27528000,0.0030456059612333775,0.00439711706712842,1.5716246366500854,0.0,0.0,0.0,-0.7245540022850037,False
1775658329670894592,27584000,0.001644269796088338,0.0032263637986034155,1.5715389251708984,0.0,0.0,0.0,-0.7248873710632324,False
1775658329718894592,27632000,0.0004706474137492478,0.002319769933819771,1.5714706182479858,0.0,0.0,0.0,-0.7254846096038818,False
1775658329766894592,27680000,-0.000452440173830837,0.0016659924294799566,1.5713505744934082,0.0,0.0,0.0,-0.7261494398117065,False
1775658329814894592,27728000,-0.0012809657491743565,0.0019904696382582188,1.571340799331665,0.0,0.0,0.0,-0.7258197665214539,False
1775658329862894592,27776000,-0.0020324201323091984,0.0021931666415184736,1.5713295936584473,0.0,0.0,0.0,-0.7257497906684875,False
1775658329918894592,27832000,-0.0031442551407963037,0.001248104847036302,1.5713211297988892,0.0,0.0,0.0,-0.7264158725738525,False
1775658329966894592,27880000,-0.003986238967627287,0.0002897587255574763,1.571367859840393,0.0,0.0,0.0,-0.7272769212722778,False
1775658330014894592,27928000,-0.004661011975258589,-0.00030052606598474085,1.5713328123092651,0.0,0.0,0.0,-0.728045642375946,False
1775658330070894592,27984000,-0.004623889457434416,-0.001714178710244596,1.5712677240371704,0.0,0.0,0.0,-0.7274836897850037,False
1775658330118894592,28032000,-0.0045660329051315784,-0.0024923826567828655,1.571201205253601,0.0,0.0,0.0,-0.7273459434509277,False
1775658330166894592,28080000,-0.0040942900814116,-0.003354267915710807,1.5711480379104614,0.0,0.0,0.0,-0.726691484451294,False
1775658330214894592,28128000,-0.0036837365478277206,-0.00404373137280345,1.5711342096328735,0.0,0.0,0.0,-0.7261216640472412,False
1775658330270894592,28184000,-0.0032435099128633738,-0.004590235650539398,1.5711232423782349,0.0,0.0,0.0,-0.7256561517715454,False
1775658330318894592,28232000,-0.0024581963662058115,-0.004935156088322401,1.5711467266082764,0.0,0.0,0.0,-0.7239612340927124,False
1775658330366894592,28280000,-0.0018829975742846727,-0.005216361954808235,1.5712600946426392,0.0,0.0,0.0,-0.7232124209403992,False
1775658330414894592,28328000,-0.0021132961846888065,-0.005508469883352518,1.571373701095581,0.0,0.0,0.0,-0.7226954102516174,False
1775658330470894592,28384000,-0.00281609408557415,-0.005772024393081665,1.5715636014938354,0.0,0.0,0.0,-0.722359836101532,False
1775658330518894592,28432000,-0.0033239859621971846,-0.005429781507700682,1.5717074871063232,0.0,0.0,0.0,-0.7225803732872009,False
1775658330566894592,28480000,-0.003806533059105277,-0.0038362385239452124,1.5720213651657104,0.0,0.0,0.0,-0.7221589088439941,False
1775658330614894592,28528000,-0.004125706851482391,-0.002701357938349247,1.572281837463379,0.0,0.0,0.0,-0.7224321365356445,False
1775658330670894592,28584000,-0.004768604878336191,-0.0018988812807947397,1.5725224018096924,0.0,0.0,0.0,-0.7233723998069763,False
1775658330718894592,28632000,-0.005118959583342075,-0.001431410200893879,1.572638988494873,0.0,0.0,0.0,-0.7244724035263062,False
1775658330766894592,28680000,-0.005286176688969135,-0.0009513490949757397,1.5727237462997437,0.0,0.0,0.0,-0.7257065773010254,False
1775658330814894592,28728000,-0.007083831820636988,-0.001247562118805945,1.5727277994155884,0.0,0.0,0.0,-0.7266970872879028,False
1775658330870894592,28784000,0.00998666137456894,0.024598650634288788,1.5727145671844482,0.0,0.0,0.0,-0.7280384302139282,False
1775658330910894592,28824000,0.008261041715741158,0.020448921248316765,1.5727059841156006,0.0,0.0,0.0,-0.7285725474357605,False
1775658330966894592,28880000,0.004225818440318108,0.012979618273675442,1.5727849006652832,0.0,0.0,0.0,-0.7294505834579468,False
1775658331014894592,28928000,-0.0027621618937700987,0.004746635444462299,1.5728638172149658,0.0,0.0,0.0,-0.7303875684738159,False
1775658331070894592,28984000,-0.004191734362393618,-0.0013195864157751203,1.5728799104690552,0.0,0.0,0.0,-0.7297918200492859,False
1775658331118894592,29032000,-0.0038374902214854956,-0.002027014270424843,1.572823405265808,0.0,0.0,0.0,-0.7295349836349487,False
1775658331166894592,29080000,-0.002435581758618355,-0.0019297428661957383,1.5727776288986206,0.0,0.0,0.0,-0.7292159795761108,False
1775658331214894592,29128000,-0.0031874370761215687,-0.0014556170208379626,1.5728622674942017,0.0,0.0,0.0,-0.7290923595428467,False
1775658331270894592,29184000,-0.002577739767730236,-0.0007126139244064689,1.57304847240448,0.0,0.0,0.0,-0.7295010089874268,False
1775658331318894592,29232000,-0.0017258396837860346,-4.135939525440335e-05,1.5732605457305908,0.0,0.0,0.0,-0.7311206459999084,False
1775658331366894592,29280000,0.0007612092304043472,0.00036853260826319456,1.573606252670288,0.0,0.0,0.0,-0.732346773147583,False
1775658331414894592,29328000,0.0017263729823753238,0.0008456517243757844,1.5738165378570557,0.0,0.0,0.0,-0.7332093715667725,False
1775658331462894592,29376000,0.002393194241449237,0.0011938114184886217,1.5741221904754639,0.0,0.0,0.0,-0.7337427139282227,False
1775658331518894592,29432000,0.002383406739681959,0.0014380497159436345,1.574324369430542,0.0,0.0,0.0,-0.7338616847991943,False
1775658331566894592,29480000,0.0043310257606208324,0.0017823557136580348,1.5746256113052368,0.0,0.0,0.0,-0.7336025238037109,False
1775658331614894592,29528000,0.004944264888763428,0.001951139303855598,1.5747663974761963,0.0,0.0,0.0,-0.7332712411880493,False
1775658331670894592,29584000,0.005295340437442064,0.002065239241346717,1.5748870372772217,0.0,0.0,0.0,-0.7333430647850037,False
1775658331718894592,29632000,0.005661835428327322,0.00213096896186471,1.5749460458755493,0.0,0.0,0.0,-0.7335377931594849,False
1775658331766894592,29680000,0.006458194460719824,0.0021597191225737333,1.574937105178833,0.0,0.0,0.0,-0.733453631401062,False
1775658331814894592,29728000,0.0069779809564352036,0.0024546277709305286,1.5748121738433838,0.0,0.0,0.0,-0.7315428256988525,False
1775658331870894592,29784000,0.007303475867956877,0.002596373436972499,1.574580430984497,0.0,0.0,0.0,-0.7298898100852966,False
1775658331918894592,29832000,0.00743035227060318,0.002067773835733533,1.5743921995162964,0.0,0.0,0.0,-0.7273122668266296,False
1775658331966894592,29880000,0.007933973334729671,0.0017248826334252954,1.5740594863891602,0.0,0.0,0.0,-0.7248299717903137,False
1775658332014894592,29928000,0.007667154539376497,0.001577551825903356,1.5738288164138794,0.0,0.0,0.0,-0.7235368490219116,False
1775658332070894592,29984000,0.007617231924086809,0.0014760838821530342,1.5734648704528809,0.0,0.0,0.0,-0.721862256526947,False
1775658332118894592,30032000,0.007188241928815842,0.0014048656448721886,1.5732046365737915,0.0,0.0,0.0,-0.7214966416358948,False
1775658332166894592,30080000,0.0072751957923173904,0.0013374844565987587,1.5728312730789185,0.0,0.0,0.0,-0.7218708395957947,False
1775658332214894592,30128000,0.006696591153740883,0.0012835488887503743,1.5726476907730103,0.0,0.0,0.0,-0.7225980162620544,False
1775658332270894592,30184000,0.005938693881034851,0.0011529496405273676,1.5724658966064453,0.0,0.0,0.0,-0.7235771417617798,False
1775658332318894592,30232000,0.004864262416958809,0.001007639104500413,1.5723944902420044,0.0,0.0,0.0,-0.723862886428833,False
1775658332366894592,30280000,0.003933580592274666,0.0009266281849704683,1.5724573135375977,0.0,0.0,0.0,-0.7244670987129211,False
1775658332414894592,30328000,0.002992714522406459,0.0008364347158931196,1.5725650787353516,0.0,0.0,0.0,-0.7242070436477661,False
1775658332470894592,30384000,0.0020029570441693068,0.0007983280229382217,1.5727241039276123,0.0,0.0,0.0,-0.7233681678771973,False
1775658332518894592,30432000,0.0003641915100160986,0.0006807431345805526,1.5728346109390259,0.0,0.0,0.0,-0.7233057022094727,False
1775658332566894592,30480000,-0.0015148952370509505,0.0004566050774883479,1.57307767868042,0.0,0.0,0.0,-0.723250687122345,False
1775658332614894592,30528000,-0.003487522015348077,0.00034024164779111743,1.5732498168945312,0.0,0.0,0.0,-0.7236981391906738,False
1775658332670894592,30584000,-0.005144356284290552,-1.0872654456761666e-05,1.5777733325958252,0.0,0.0,0.0,-0.7241243720054626,False
1775658332718894592,30632000,-0.007055703550577164,-0.0002162505843443796,1.5779869556427002,0.0,0.0,0.0,-0.7244359254837036,False
1775658332766894592,30680000,-0.009131152182817459,-0.0002629549999255687,1.581794023513794,0.0,0.0,0.0,-0.7251524925231934,False
1775658332814894592,30728000,-0.011754256673157215,-5.1267990784253925e-05,1.586336612701416,0.0,0.0,0.0,-0.7254570722579956,False
1775658332870894592,30784000,-0.014501242898404598,5.268893437460065e-05,1.5898444652557373,0.0,0.0,0.0,-0.7261734008789062,False
1775658332918894592,30832000,-0.015963483601808548,0.0004017228784505278,1.5909571647644043,0.0,0.0,0.0,-0.7267570495605469,False
1775658332966894592,30880000,-0.018799766898155212,0.0006264574476517737,1.5898724794387817,0.0,0.0,0.0,-0.7274025678634644,False
1775658333014894592,30928000,-0.019571511074900627,0.0006815228844061494,1.5881468057632446,0.0,0.0,0.0,-0.7281378507614136,False
1775658333070894592,30984000,-0.01927846670150757,0.001000274089165032,1.5844885110855103,0.0,0.0,0.0,-0.7274289727210999,False
1775658333118894592,31032000,-0.01866421103477478,0.0010295300744473934,1.581703782081604,0.0,0.0,0.0,-0.7273372411727905,False
1775658333166894592,31080000,-0.018192613497376442,0.0008930055773817003,1.5776399374008179,0.0,0.0,0.0,-0.7282124757766724,False
1775658333214894592,31128000,-0.016112947836518288,0.0007825913489796221,1.575680136680603,0.0,0.0,0.0,-0.7294384837150574,False
1775658333270894592,31184000,-0.010833488777279854,0.0004207939491607249,1.5740073919296265,0.0,0.0,0.0,-0.7304093241691589,False
1775658333318894592,31232000,-0.006551588885486126,-0.00033377212821505964,1.5736174583435059,0.0,0.0,0.0,-0.7304263710975647,False
1775658333366894592,31280000,0.001912593492306769,-0.0007959424401633441,1.5752075910568237,0.0,0.0,0.0,-0.730632483959198,False
1775658333414894592,31328000,0.002353104529902339,-0.001844888087362051,1.5762752294540405,0.0,0.0,0.0,-0.730377733707428,False
1775658333470894592,31384000,0.00184775167144835,-0.003075783606618643,1.5777777433395386,0.0,0.0,0.0,-0.7297437787055969,False
1775658333518894592,31432000,0.0011365981772542,-0.003607392543926835,1.578816294670105,0.0,0.0,0.0,-0.7297089099884033,False
1775658333566894592,31480000,0.0004675478849094361,-0.003640339244157076,1.5806407928466797,0.0,0.0,0.0,-0.7300213575363159,False
1775658333618894592,31532000,-0.00011721726332325488,-0.003700722474604845,1.5811530351638794,0.0,0.0,0.0,-0.7304004430770874,False
1775658333666894592,31580000,-0.0029188531916588545,-0.003944701515138149,1.5817075967788696,0.0,0.0,0.0,-0.7306422591209412,False
1775658333714894592,31628000,-0.007062154356390238,0.014610566198825836,1.5817773342132568,0.0,0.0,0.0,-0.7307440638542175,False
1775658333770894592,31684000,-0.005993456579744816,0.00806538388133049,1.581599235534668,0.0,0.0,0.0,-0.7304520010948181,False
1775658333818894592,31732000,-0.0036210801918059587,0.0029702468309551477,1.5816298723220825,0.0,0.0,0.0,-0.7304301857948303,False
1775658333866894592,31780000,-0.007259754929691553,-0.0008378332713618875,1.5817768573760986,0.0,0.0,0.0,-0.7307071685791016,False
1775658333914894592,31828000,-0.008382334373891354,-0.0017466293647885323,1.5819839239120483,0.0,0.0,0.0,-0.7307564616203308,False
1775658333962894592,31876000,-0.008560502901673317,-0.0019613229669630527,1.582024097442627,0.0,0.0,0.0,-0.7306055426597595,False
1775658334018894592,31932000,-0.0099028330296278,-0.0017044410342350602,1.5821057558059692,0.0,0.0,0.0,-0.7305692434310913,False
1775658334066894592,31980000,-0.011528379283845425,-0.001510437112301588,1.5822819471359253,0.0,0.0,0.0,-0.7304385304450989,False
1775658334114894592,32028000,-0.012441100552678108,-0.001226587570272386,1.582492470741272,0.0,0.0,0.0,-0.7304167151451111,False
1775658334170894592,32084000,-0.013118626549839973,-0.0007990176090970635,1.5827523469924927,0.0,0.0,0.0,-0.7309874296188354,False
1775658334210894592,32124000,-0.013752933591604233,-0.0005323721561580896,1.5828839540481567,0.0,0.0,0.0,-0.731537938117981,False
1775658334266894592,32180000,-0.014199062250554562,-0.00030356014030985534,1.5831081867218018,0.0,0.0,0.0,-0.731947124004364,False
1775658334314894592,32228000,-0.013456657528877258,8.120180609694216e-06,1.5830103158950806,0.0,0.0,0.0,-0.7300625443458557,False
1775658334370894592,32284000,-0.01258084736764431,0.00018549541709944606,1.5827083587646484,0.0,0.0,0.0,-0.7285587191581726,False
1775658334418894592,32332000,-0.01185444463044405,0.0005098931724205613,1.5824090242385864,0.0,0.0,0.0,-0.7283821702003479,False
1775658334466894592,32380000,-0.011344995349645615,0.0007178866653703153,1.581870675086975,0.0,0.0,0.0,-0.728739857673645,False
1775658334514894592,32428000,-0.010012256912887096,0.0008519664988853037,1.5816397666931152,0.0,0.0,0.0,-0.7290828227996826,False
1775658334570894592,32484000,-0.008589384146034718,0.0014283348573371768,1.5816397666931152,0.0,0.0,0.0,-0.7303664088249207,False
1775658334618894592,32532000,-0.006776375230401754,0.0016487480606883764,1.5816397666931152,0.0,0.0,0.0,-0.7311050891876221,False
1775658334666894592,32580000,-0.004851530306041241,0.0015268097631633282,1.5816397666931152,0.0,0.0,0.0,-0.7308691740036011,False
1775658334714894592,32628000,-0.0024909188505262136,0.0014215389965102077,1.5816397666931152,0.0,0.0,0.0,-0.7303297519683838,False
1775658334770894592,32684000,-3.4715321817202494e-05,0.0015436907997354865,1.5816397666931152,0.0,0.0,0.0,-0.7298123836517334,False
1775658334818894592,32732000,0.0027822486590594053,0.0019853527192026377,1.5816397666931152,0.0,0.0,0.0,-0.7291699647903442,False
1775658334866894592,32780000,0.005491463001817465,0.00215710187330842,1.5816397666931152,0.0,0.0,0.0,-0.728790283203125,False
1775658334914894592,32828000,0.009794190526008606,0.0023243881296366453,1.5816397666931152,0.0,0.0,0.0,-0.7283412218093872,False
1775658334970894592,32884000,0.012133612297475338,0.0024900073185563087,1.5816397666931152,0.0,0.0,0.0,-0.7277759313583374,False
1775658335018894592,32932000,0.013218262232840061,0.002375769428908825,1.5816397666931152,0.0,0.0,0.0,-0.7275887727737427,False
1775658335066894592,32980000,0.015059166587889194,0.0019125492544844747,1.5816397666931152,0.0,0.0,0.0,-0.7276644110679626,False
1775658335114894592,33028000,0.014804773963987827,0.0017058425582945347,1.5816397666931152,0.0,0.0,0.0,-0.7278686761856079,False
1775658335170894592,33084000,0.01265315618366003,0.00150434544775635,1.5816397666931152,0.0,0.0,0.0,-0.7282058000564575,False
1775658335218894592,33132000,0.01030078623443842,0.001420442247763276,1.5816397666931152,0.0,0.0,0.0,-0.7285426259040833,False
1775658335266894592,33180000,0.006539647001773119,0.0014338477049022913,1.5816397666931152,0.0,0.0,0.0,-0.7287798523902893,False
1775658335314894592,33228000,0.0016104631358757615,0.0017347196117043495,1.5816397666931152,0.0,0.0,0.0,-0.7274941802024841,False
1775658335370894592,33284000,-0.00502654118463397,0.0020441850647330284,1.5816397666931152,0.0,0.0,0.0,-0.7265956997871399,False
1775658335418894592,33332000,-0.007400887552648783,0.0015259262872859836,1.5816397666931152,0.0,0.0,0.0,-0.7267186045646667,False
1775658335466894592,33380000,-0.009080820716917515,0.001051213126629591,1.5816397666931152,0.0,0.0,0.0,-0.7272303104400635,False
1775658335514894592,33428000,-0.009959597140550613,0.0007651334744878113,1.5816397666931152,0.0,0.0,0.0,-0.7277512550354004,False
1775658335570894592,33484000,-0.011456298641860485,-6.372766074491665e-05,1.5816397666931152,0.0,0.0,0.0,-0.7287527918815613,False
1775658335618894592,33532000,0.004651178140193224,0.0020579227712005377,1.5816397666931152,0.0,0.0,0.0,-0.7293182015419006,False
1775658335666894592,33580000,0.009721165522933006,0.003674776991829276,1.5816397666931152,0.0,0.0,0.0,-0.7285904288291931,False
1775658335714894592,33628000,0.0069785816594958305,0.0028984572272747755,1.5816397666931152,0.0,0.0,0.0,-0.7274489998817444,False
1775658335770894592,33684000,0.0003256020718254149,0.0015483471797779202,1.5816397666931152,0.0,0.0,0.0,-0.7269203662872314,False
1775658335818894592,33732000,-0.005733850412070751,0.0003795101656578481,1.5816397666931152,0.0,0.0,0.0,-0.7271907329559326,False
1775658335866894592,33780000,-0.012545849196612835,-0.0010733928065747023,1.5816397666931152,0.0,0.0,0.0,-0.7275696396827698,False
1775658335914894592,33828000,-0.01337949838489294,-0.0012625025119632483,1.5816397666931152,0.0,0.0,0.0,-0.7287486791610718,False
1775658335962894592,33876000,-0.01306456234306097,-0.0012074746191501617,1.5816397666931152,0.0,0.0,0.0,-0.7304323315620422,False
1775658336018894592,33932000,-0.01239519938826561,-0.0009877091506496072,1.5816397666931152,0.0,0.0,0.0,-0.7314261794090271,False
1775658336066894592,33980000,-0.0120823560282588,-0.0006383554427884519,1.5816397666931152,0.0,0.0,0.0,-0.7308041453361511,False
1775658336114894592,34028000,-0.011575295589864254,-0.0003528466331772506,1.5816397666931152,0.0,0.0,0.0,-0.7302592396736145,False
1775658336170894592,34084000,-0.01017066277563572,-0.00038911160663701594,1.5816397666931152,0.0,0.0,0.0,-0.7291061878204346,False
1775658336218894592,34132000,-0.008940599858760834,-0.00041817035526037216,1.5816397666931152,0.0,0.0,0.0,-0.7280433773994446,False
1775658336266894592,34180000,-0.00802735984325409,-0.0004162859113421291,1.5816397666931152,0.0,0.0,0.0,-0.7274555563926697,False
1775658336314894592,34228000,-0.008496330119669437,-0.00041578052332624793,1.5816397666931152,0.0,0.0,0.0,-0.7271636128425598,False
1775658336370894592,34284000,-0.008691828697919846,-0.00038798790774308145,1.5816397666931152,0.0,0.0,0.0,-0.7271619439125061,False
1775658336418894592,34332000,-0.008546125143766403,0.0001987431023735553,1.5816397666931152,0.0,0.0,0.0,-0.7278744578361511,False
1775658336466894592,34380000,-0.008357194252312183,0.0007813115953467786,1.5816397666931152,0.0,0.0,0.0,-0.7287119626998901,False
1775658336514894592,34428000,-0.0081629091873765,0.0011982598807662725,1.5816397666931152,0.0,0.0,0.0,-0.7292959690093994,False
1775658336570894592,34484000,-0.006924058776348829,0.0019783179741352797,1.5816397666931152,0.0,0.0,0.0,-0.7280523180961609,False
1775658336618894592,34532000,-0.006171063520014286,0.002502816030755639,1.5816397666931152,0.0,0.0,0.0,-0.7273918390274048,False
1775658336666894592,34580000,-0.004591219127178192,0.003332773456349969,1.5816397666931152,0.0,0.0,0.0,-0.7276199460029602,False
1775658336714894592,34628000,-0.00048509699990972877,0.004435387905687094,1.584109902381897,0.010210547596216202,0.0,0.0,-0.7154939770698547,False
1775658336770894592,34684000,0.0012759588425979018,0.004995566327124834,1.584109902381897,0.007815980352461338,0.0,0.0,-0.6977847814559937,False
1775658336818894592,34732000,0.0031784134916961193,0.005239162594079971,1.584109902381897,0.006461623590439558,0.0,0.0,-0.687285304069519,False
1775658336866894592,34780000,0.004552452825009823,0.005515106488019228,1.584109902381897,0.0047743353061378,0.0,0.0,-0.6667457818984985,False
1775658336914894592,34828000,0.005042862147092819,0.004729995969682932,1.584109902381897,0.00394703634083271,0.0,0.0,-0.6596513390541077,False
1775658336970894592,34884000,0.0053367349319159985,0.0034714089706540108,1.584109902381897,0.003021381562575698,0.0,0.0,-0.646813154220581,False
1775658337018894592,34932000,0.00542842410504818,0.0027362899854779243,1.584109902381897,0.0024978353176265955,0.0,0.0,-0.6434141993522644,False
1775658337066894592,34980000,0.0053222328424453735,0.001964805880561471,1.584109902381897,0.0018437581602483988,0.0,0.0,-0.6224820613861084,False
1775658337114894592,35028000,0.00525546632707119,0.0014773234724998474,1.584109902381897,0.0015242708614096045,0.0,0.0,-0.6344375014305115,False
1775658337170894592,35084000,0.005781510379165411,0.0016048341058194637,1.584109902381897,0.0011668005026876926,0.0,0.0,-0.6613733768463135,False
1775658337218894592,35132000,0.006198556628078222,0.0019437590381130576,1.584109902381897,0.0009646168327890337,0.0,0.0,-0.6832341551780701,False
1775658337266894592,35180000,0.0066222939640283585,0.0022408287040889263,1.584109902381897,0.0007120246882550418,0.0,0.0,-0.6973409652709961,False
1775658337314894592,35228000,0.0067866793833673,0.001972298603504896,1.584109902381897,0.0005886447615921497,0.0,0.0,-0.7131615877151489,False
1775658337370894592,35284000,0.0069472650066018105,0.0018634990556165576,1.584109902381897,0.00045059644617140293,0.0,0.0,-0.727487325668335,False
1775658337418894592,35332000,0.004639605060219765,0.001774956239387393,1.584109902381897,0.00037251689354889095,0.0,0.0,-0.7380608320236206,False
1775658337466894592,35380000,0.004165340214967728,0.0019670419860631227,1.584109902381897,0.00027497054543346167,0.0,0.0,-0.7473702430725098,False
1775658337514894592,35428000,0.004390474874526262,0.0019622440449893475,1.584109902381897,0.0002273235295433551,0.0,0.0,-0.7555399537086487,False
1775658337570894592,35484000,0.004528647288680077,0.0027396450750529766,1.584109902381897,0.00017401187506038696,0.0,0.0,-0.7479951977729797,False
1775658337618894592,35532000,0.0039856573566794395,0.0029649564530700445,1.584109902381897,0.00014385902613867074,0.0,0.0,-0.7429286241531372,False
1775658337666894592,35580000,0.00400939304381609,0.0021326118148863316,1.584109902381897,0.00010618846135912463,0.0,0.0,-0.7350103855133057,False
1775658337714894592,35628000,0.003965472336858511,0.0012491594534367323,1.584109902381897,8.778808114584535e-05,0.0,0.0,-0.7336000204086304,False
1775658337770894592,35684000,0.0034789436031132936,0.0005428949953056872,1.584109902381897,6.72001187922433e-05,0.0,0.0,-0.7311688661575317,False
1775658337818894592,35732000,0.0018900276627391577,-6.383330037351698e-05,1.584109902381897,5.5555654398631305e-05,0.0,0.0,-0.7311068177223206,False
1775658337866894592,35780000,0.0006650112918578088,-0.00039218171150423586,1.584109902381897,4.1007988329511136e-05,0.0,0.0,-0.7266613245010376,False
1775658337914894592,35828000,-0.0009555704891681671,-0.0008693767013028264,1.584109902381897,3.390210622455925e-05,0.0,0.0,-0.727200984954834,False
1775658337970894592,35884000,-0.0027584501076489687,-0.001344804186373949,1.584109902381897,2.5951419956982136e-05,0.0,0.0,-0.7259859442710876,False
1775658338018894592,35932000,-0.0036345263943076134,-0.0016263716388493776,1.584109902381897,2.1454547095345333e-05,0.0,0.0,-0.7270114421844482,False
1775658338066894592,35980000,-0.0036302991211414337,-0.0022227901499718428,1.584109902381897,1.5836511011002585e-05,0.0,0.0,-0.7231340408325195,False
1775658338114894592,36028000,-0.003712843405082822,-0.002474430948495865,1.584109902381897,1.309235449298285e-05,0.0,0.0,-0.7245708107948303,False
1775658338170894592,36084000,-0.0047683133743703365,-0.002050507115200162,1.584109902381897,1.002194949251134e-05,0.0,0.0,-0.7251066565513611,False
1775658338218894592,36132000,-0.005823347717523575,-0.001486325985752046,1.584109902381897,8.285342119052075e-06,0.0,0.0,-0.7275582551956177,False
1775658338266894592,36180000,-0.006589846219867468,-0.0010762873571366072,1.584109902381897,6.1157629716035444e-06,0.0,0.0,-0.7248932123184204,False
1775658338314894592,36228000,-0.006283154711127281,-0.0007592291804030538,1.584109902381897,5.056021109339781e-06,0.0,0.0,-0.7271124124526978,False
1775658338370894592,36284000,-0.00621251342818141,-0.0003844723978545517,1.584109902381897,3.870288765028818e-06,0.0,0.0,-0.7274444103240967,False
1775658338418894592,36332000,-0.006956635974347591,-6.625172682106495e-05,1.584109902381897,3.1996435154724168e-06,0.0,0.0,-0.7290298938751221,False
1775658338466894592,36380000,-0.007653992157429457,0.0002601387386675924,1.584109902381897,2.361792667215923e-06,0.0,0.0,-0.7255488038063049,False
1775658338514894592,36428000,-0.00812781136482954,0.0005819195066578686,1.584109902381897,1.952540060301544e-06,0.0,0.0,-0.7271180748939514,False
1775658338570894592,36484000,-0.007924658246338367,0.0016266859602183104,1.584109902381897,1.4946324427000945e-06,0.0,0.0,-0.7263185381889343,False
1775658338618894592,36532000,-0.007736060302704573,0.0023154555819928646,1.584109902381897,1.2356418892522925e-06,0.0,0.0,-0.7277513742446899,False
1775658338666894592,36580000,-0.007139881141483784,0.002474613953381777,1.584109902381897,9.120797699324612e-07,0.0,0.0,-0.7251336574554443,False
1775658338714894592,36628000,-0.006480065640062094,0.0025780671276152134,1.584109902381897,7.54034203964693e-07,0.0,0.0,-0.7277309894561768,False
1775658338770894592,36684000,-0.005933135747909546,0.002712167799472809,1.584109902381897,5.77198932205647e-07,0.0,0.0,-0.7283729314804077,False
1775658338818894592,36732000,-0.005955094005912542,0.0027732430025935173,1.584109902381897,4.771816861648404e-07,0.0,0.0,-0.730327844619751,False
1775658338866894592,36780000,-0.005874203518033028,0.0029407062102109194,1.584109902381897,3.522280564993707e-07,0.0,0.0,-0.7271882891654968,False
1775658338914894592,36828000,-0.005884762387722731,0.002685566432774067,1.584109902381897,2.911938281613402e-07,0.0,0.0,-0.7292608022689819,False
1775658338970894592,36884000,-0.005889096762984991,0.002212739549577236,1.584109902381897,2.2290336687547097e-07,0.0,0.0,-0.7297600507736206,False
1775658339018894592,36932000,-0.005713098216801882,0.0018657625187188387,1.584109902381897,1.8427857639835565e-07,0.0,0.0,-0.7315549254417419,False
1775658339066894592,36980000,-0.005115214269608259,0.0013597236247733235,1.584109902381897,1.3602384285604785e-07,0.0,0.0,-0.7276304960250854,False
1775658339114894592,37028000,-0.004702672362327576,0.001118014450185001,1.584109902381897,1.1245357711686665e-07,0.0,0.0,-0.7288164496421814,False
1775658339170894592,37084000,-0.004548109136521816,0.001967713236808777,1.584109902381897,8.608108714724949e-08,0.0,0.0,-0.7286892533302307,False
1775658339218894592,37132000,-0.004499027505517006,0.00285143475048244,1.584109902381897,7.116491929082258e-08,0.0,0.0,-0.7304878830909729,False
1775658339266894592,37180000,-0.004413651768118143,0.0034970720298588276,1.584109902381897,5.252984891512824e-08,0.0,0.0,-0.7272275686264038,False
1775658339314894592,37228000,-0.003302275901660323,0.0031929758843034506,1.584109902381897,4.342745540952819e-08,0.0,0.0,-0.7292636036872864,False
1775658339370894592,37284000,-0.002472763415426016,0.0030435966327786446,1.584109902381897,3.3242898211938154e-08,0.0,0.0,-0.7293825149536133,False
1775658339410894592,37324000,-0.0017687836661934853,0.004336584825068712,1.584109902381897,2.7482554898483613e-08,0.0,0.0,-0.5270516276359558,False
1775658339466894592,37380000,-0.0010049879783764482,0.004495476372539997,1.584109902381897,2.0286041291228685e-08,0.0,0.0,-0.5085591673851013,False
1775658339514894592,37428000,-0.00042800066876225173,0.004851753823459148,1.584109902381897,1.677086736151523e-08,0.0,0.0,-0.49560922384262085,False
1775658339570894592,37484000,-0.0006944992928765714,0.005108953919261694,1.584109902381897,1.2837781504515533e-08,0.0,0.0,-0.4753464162349701,False
1775658339618894592,37532000,-0.000699063646607101,0.005447141360491514,1.584109902381897,1.0613245393642501e-08,0.0,0.0,-0.4597661793231964,False
1775658339666894592,37580000,-0.001597716473042965,0.00611413037404418,1.584109902381897,7.834087156766145e-09,0.0,0.0,-0.43810519576072693,False
1775658339714894592,37628000,-0.0023998147808015347,0.006780711002647877,1.584109902381897,6.4765930396504245e-09,0.0,0.0,-0.42104992270469666,False
1775658339770894592,37684000,-0.002867878647521138,0.0073080044239759445,1.584109902381897,4.957709354158624e-09,0.0,0.0,-0.3994114398956299,False
1775658339818894592,37732000,-0.0027837324887514114,0.007283407263457775,1.584109902381897,4.098635209004442e-09,0.0,0.0,-0.38258764147758484,False
1775658339866894592,37780000,-0.0027951772790402174,0.007464987225830555,1.584109902381897,3.025376837939575e-09,0.0,0.0,-0.3608279228210449,False
1775658339914894592,37828000,0.0,-0.0,1.5827505588531494,0.0,0.0,0.0,-0.11999999731779099,False
1775658339970894592,37884000,0.0,-0.0,1.5828791856765747,0.0,0.0,0.0,-0.11999999731779099,False
1775658340018894592,37932000,0.0,-0.0,1.582994818687439,0.0,0.0,0.0,-0.11999999731779099,False
1775658340066894592,37980000,0.0,-0.0,1.5831295251846313,0.0,0.0,0.0,-0.11999999731779099,False
1775658340114894592,38028000,0.0,-0.0,1.5832346677780151,0.0,0.0,0.0,-0.11999999731779099,False
1775658340170894592,38084000,0.0,-0.0,1.5833492279052734,0.0,0.0,0.0,-0.11999999731779099,False
1775658340218894592,38132000,0.0,-0.0,1.5834568738937378,0.0,0.0,0.0,-0.11999999731779099,False
1775658340266894592,38180000,0.0,-0.0,1.5835500955581665,0.0,0.0,0.0,-0.11999999731779099,False
1775658340314894592,38228000,0.0,-0.0,1.583614706993103,0.0,0.0,0.0,-0.11999999731779099,False
1775658340370894592,38284000,0.0,-0.0,1.5836542844772339,0.0,0.0,0.0,-0.11999999731779099,False
1775658340410894592,38324000,0.0,-0.0,1.5836846828460693,0.0,0.0,0.0,-0.11999999731779099,False
1775658340466894592,38380000,0.0,-0.0,1.5837597846984863,0.0,0.0,0.0,-0.11999999731779099,False
1775658340514894592,38428000,0.0,-0.0,1.5838285684585571,0.0,0.0,0.0,-0.11999999731779099,False
1775658340570894592,38484000,0.0,-0.0,1.58391273021698,0.0,0.0,0.0,-0.11999999731779099,False
1775658340618894592,38532000,0.0,-0.0,1.5839754343032837,0.0,0.0,0.0,-0.0010000000474974513,False
1775658340666894592,38580000,0.0,-0.0,1.5840232372283936,0.0,0.0,0.0,-0.0010000000474974513,False
1775658340714894592,38628000,0.0,-0.0,1.5840531587600708,0.0,0.0,0.0,-0.0010000000474974513,False
1775658340770894592,38684000,0.0,-0.0,1.584060549736023,0.0,0.0,0.0,-0.0010000000474974513,False
1775658340810894592,38724000,0.0,-0.0,1.5840359926223755,0.0,0.0,0.0,-0.0010000000474974513,False
1775658340866894592,38780000,0.0,-0.0,1.5840047597885132,0.0,0.0,0.0,-0.0010000000474974513,False
1775658340914894592,38828000,0.0,-0.0,1.5840073823928833,0.0,0.0,0.0,-0.0010000000474974513,False
1775658340970894592,38884000,0.0,-0.0,1.5841408967971802,0.0,0.0,0.0,-0.0010000000474974513,False
1775658341010894592,38924000,0.0,-0.0,1.584242582321167,0.0,0.0,0.0,-0.0010000000474974513,False
1775658341066894592,38980000,0.0,-0.0,1.5843640565872192,0.0,0.0,0.0,-0.0010000000474974513,False
1775658341114894592,39028000,0.0,-0.0,1.5844616889953613,0.0,0.0,0.0,-0.0010000000474974513,False
1775658341170894592,39084000,0.0,-0.0,1.5845346450805664,0.0,0.0,0.0,-0.0010000000474974513,False
1775658341218894592,39132000,0.0,-0.0,1.584559440612793,0.0,0.0,0.0,-0.0010000000474974513,False
1775658341266894592,39180000,0.0,-0.0,1.5845963954925537,0.0,0.0,0.0,-0.0010000000474974513,False
1775658341314894592,39228000,0.0,-0.0,1.5847312211990356,0.0,0.0,0.0,-0.0010000000474974513,False
1775658341370894592,39284000,0.0,-0.0,1.5848889350891113,0.0,0.0,0.0,-0.0010000000474974513,False
1775658341418894592,39332000,0.0,-0.0,1.5849885940551758,0.0,0.0,0.0,-0.0010000000474974513,False
1775658341466894592,39380000,0.0,-0.0,1.5851061344146729,0.0,0.0,0.0,-0.0010000000474974513,False
1775658341514894592,39428000,0.0,-0.0,1.5851950645446777,0.0,0.0,0.0,-0.0010000000474974513,False
1775658341570894592,39484000,0.0,-0.0,1.5852935314178467,0.0,0.0,0.0,-0.0010000000474974513,False
1775658341618894592,39532000,0.0,-0.0,1.5853577852249146,0.0,0.0,0.0,-0.0010000000474974513,False
1775658341666894592,39580000,0.0,-0.0,1.5853835344314575,0.0,0.0,0.0,-0.0010000000474974513,False
1775658341714894592,39628000,0.0,-0.0,1.5853667259216309,0.0,0.0,0.0,-0.0010000000474974513,False
1775658341770894592,39684000,0.0,-0.0,1.5853159427642822,0.0,0.0,0.0,-0.0010000000474974513,False
1775658341818894592,39732000,0.0,-0.0,1.5852527618408203,0.0,0.0,0.0,-0.0010000000474974513,False
1775658341866894592,39780000,0.0,-0.0,1.5851951837539673,0.0,0.0,0.0,-0.0010000000474974513,False
1775658341914894592,39828000,0.0,-0.0,1.5851439237594604,0.0,0.0,0.0,-0.0010000000474974513,False
1775658341970894592,39884000,0.0,-0.0,1.5850657224655151,0.0,0.0,0.0,-0.0010000000474974513,False
1775658342018894592,39932000,0.0,-0.0,1.5850141048431396,0.0,0.0,0.0,-0.0010000000474974513,False
1775658342066894592,39980000,0.0,-0.0,1.5849952697753906,0.0,0.0,0.0,-0.0010000000474974513,False
1775658342114894592,40028000,0.0,-0.0,1.584996223449707,0.0,0.0,0.0,-0.0010000000474974513,False
1775658342170894592,40084000,0.0,-0.0,1.5850011110305786,0.0,0.0,0.0,-0.0010000000474974513,False
1775658342218894592,40132000,0.0,-0.0,1.5850034952163696,0.0,0.0,0.0,-0.0010000000474974513,False
1775658342266894592,40180000,0.0,-0.0,1.5850074291229248,0.0,0.0,0.0,-0.0010000000474974513,False
1775658342314894592,40228000,0.0,-0.0,1.5849406719207764,0.0,0.0,0.0,-0.0010000000474974513,False
1775658342370894592,40284000,0.0,-0.0,1.5848485231399536,0.0,0.0,0.0,-0.0010000000474974513,False
1775658342418894592,40332000,0.0,-0.0,1.5847606658935547,0.0,0.0,0.0,-0.0010000000474974513,False
1775658342466894592,40380000,0.0,-0.0,1.5846827030181885,0.0,0.0,0.0,-0.0010000000474974513,False
1775658342514894592,40428000,0.0,-0.0,1.584621787071228,0.0,0.0,0.0,-0.0010000000474974513,False
1775658342570894592,40484000,0.0,-0.0,1.5845693349838257,0.0,0.0,0.0,-0.0010000000474974513,False
1775658342618894592,40532000,0.0,-0.0,1.584539771080017,0.0,0.0,0.0,-0.0010000000474974513,False
1775658342666894592,40580000,0.0,-0.0,1.5845526456832886,0.0,0.0,0.0,-0.0010000000474974513,False
1775658342714894592,40628000,0.0,-0.0,1.5845779180526733,0.0,0.0,0.0,-0.0010000000474974513,False
1775658342770894592,40684000,0.0,-0.0,1.5845826864242554,0.0,0.0,0.0,-0.0010000000474974513,False
1775658342818894592,40732000,0.0,-0.0,1.5846483707427979,0.0,0.0,0.0,-0.0010000000474974513,False
1775658342866894592,40780000,0.0,-0.0,1.5847426652908325,0.0,0.0,0.0,-0.0010000000474974513,False
1775658342914894592,40828000,0.0,-0.0,1.58486008644104,0.0,0.0,0.0,-0.0010000000474974513,False
1775658342970894592,40884000,0.0,-0.0,1.5850023031234741,0.0,0.0,0.0,-0.0010000000474974513,False
1775658343018894592,40932000,0.0,-0.0,1.5851213932037354,0.0,0.0,0.0,-0.0010000000474974513,False
1775658343066894592,40980000,0.0,-0.0,1.5852748155593872,0.0,0.0,0.0,-0.0010000000474974513,False
1775658343114894592,41028000,0.0,-0.0,1.5854191780090332,0.0,0.0,0.0,-0.0010000000474974513,False
1775658343170894592,41084000,0.0,-0.0,1.5855830907821655,0.0,0.0,0.0,-0.0010000000474974513,False
1775658343218894592,41132000,0.0,-0.0,1.585735559463501,0.0,0.0,0.0,-0.0010000000474974513,False
1775658343266894592,41180000,0.0,-0.0,1.585871934890747,0.0,0.0,0.0,-0.0010000000474974513,False
1775658343314894592,41228000,0.0,-0.0,1.5859863758087158,0.0,0.0,0.0,-0.0010000000474974513,False
1775658343370894592,41284000,0.0,-0.0,1.5861045122146606,0.0,0.0,0.0,-0.0010000000474974513,False
1775658343418894592,41332000,0.0,-0.0,1.5861976146697998,0.0,0.0,0.0,-0.0010000000474974513,False
1775658343466894592,41380000,0.0,-0.0,1.586289644241333,0.0,0.0,0.0,-0.0010000000474974513,False
1775658343514894592,41428000,0.0,-0.0,1.5863826274871826,0.0,0.0,0.0,-0.0010000000474974513,False
1775658343570894592,41484000,0.0,-0.0,1.5865106582641602,0.0,0.0,0.0,-0.0010000000474974513,False
