received_time_ns,timestamp,timestamp_sample,valid,data_source,roll,pitch,yaw,throttle,sticks_moving,buttons
1775896914482634722,1775896913362980,1775896913318980,True,2,0.0,0.0,0.0,0.0,False,0
1775896914488933606,1775896913366980,1775896913366980,True,2,0.0,0.0,0.0,0.0,False,0
1775896914543164837,1775896913418980,1775896913418980,True,2,0.0,0.0,0.0,0.0,False,0
1775896914591815351,1775896913458980,1775896913458980,True,2,0.0,0.0,0.0,0.0,False,0
1775896914640707718,1775896913498980,1775896913498980,True,2,0.0,0.0,0.0,0.0,False,0
1775896914696908104,1775896913550980,1775896913550980,True,2,0.0,0.0,0.0,0.0,False,0
1775896914738933404,1775896913582980,1775896913582980,True,2,0.0,0.0,0.0,0.0,False,0
1775896914791349367,1775896913638980,1775896913638980,True,2,0.0,0.0,0.0,0.0,False,0
1775896914841144152,1775896913670980,1775896913670980,True,2,0.0,0.0,0.0,0.0,False,0
1775896914890920281,1775896913722980,1775896913722980,True,2,0.0,0.0,0.0,0.0,False,0
1775896914939633130,1775896913762980,1775896913762980,True,2,0.0,0.0,0.0,0.0,False,0
1775896914990791031,1775896913810980,1775896913810980,True,2,0.0,0.0,0.0,0.0,False,0
1775896915040599000,1775896913850980,1775896913850980,True,2,0.0,0.0,0.0,0.0,False,0
1775896915091179022,1775896913902980,1775896913902980,True,2,0.0,0.0,0.0,0.0,False,0
1775896915139976894,1775896913942980,1775896913942980,True,2,0.0,0.0,0.0,0.0,False,0
1775896915191020397,1775896913990980,1775896913990980,True,2,0.0,0.0,0.0,0.0,False,0
1775896915241045419,1775896914030980,1775896914030980,True,2,0.0,0.0,0.0,0.0,False,0
1775896915294493847,1775896914082980,1775896914082980,True,2,0.0,0.0,0.0,0.0,False,0
1775896915342759343,1775896914130980,1775896914130980,True,2,0.0,0.0,0.0,0.0,False,0
1775896915395664482,1775896914178980,1775896914178980,True,2,0.0,0.0,0.0,0.0,False,0
1775896915439604698,1775896914222980,1775896914222980,True,2,0.0,0.0,0.0,0.0,False,0
1775896915506702076,1775896914278980,1775896914278980,True,2,0.0,0.0,0.0,0.0,False,0
1775896915539934386,1775896914306980,1775896914306980,True,2,0.0,0.0,0.0,0.0,False,0
1775896915590348650,1775896914350980,1775896914350980,True,2,0.0,0.0,0.0,0.0,False,0
1775896915650292854,1775896914402980,1775896914402980,True,2,0.0,0.0,0.0,0.0,False,0
1775896915699338690,1775896914438980,1775896914438980,True,2,0.0,0.0,0.0,0.0,False,0
1775896915744999041,1775896914486980,1775896914486980,True,2,0.0,0.0,0.0,0.0,False,0
1775896915788895737,1775896914530980,1775896914530980,True,2,0.0,0.0,0.0,0.0,False,0
1775896915842584289,1775896914582980,1775896914582980,True,2,0.0,0.0,0.0,0.0,False,0
1775896915888783896,1775896914622980,1775896914622980,True,2,0.0,0.0,0.0,0.0,False,0
1775896915940028932,1775896914670980,1775896914670980,True,2,0.0,0.0,0.0,0.0,False,0
1775896915989357932,1775896914714980,1775896914714980,True,2,0.0,0.0,0.0,0.0,False,0
1775896916040871860,1775896914758980,1775896914758980,True,2,0.0,0.0,0.0,0.0,False,0
1775896916088788305,1775896914806980,1775896914806980,True,2,0.0,0.0,0.0,0.0,False,0
1775896916139044428,1775896914838980,1775896914838980,True,2,0.0,0.0,0.0,0.0,False,0
1775896916206222286,1775896914898980,1775896914898980,True,2,0.0,0.0,0.0,0.0,False,0
1775896916240013019,1775896914930980,1775896914930980,True,2,0.0,0.0,0.0,0.0,False,0
1775896916290553650,1775896914978980,1775896914978980,True,2,0.0,0.0,0.0,0.0,False,0
1775896916341378276,1775896915026980,1775896915026980,True,2,0.0,0.0,0.0,0.0,False,0
1775896916394107099,1775896915078980,1775896915078980,True,2,0.0,0.0,0.0,0.0,False,0
1775896916443160807,1775896915122980,1775896915122980,True,2,0.0,0.0,0.0,0.0,False,0
1775896916489625562,1775896915162980,1775896915162980,True,2,0.0,0.0,0.0,0.0,False,0
1775896916540824487,1775896915210980,1775896915210980,True,2,0.0,0.0,0.0,0.0,False,0
1775896916607461328,1775896915254980,1775896915254980,True,2,0.0,0.0,0.0,0.0,False,0
1775896916644552813,1775896915302980,1775896915302980,True,2,0.0,0.0,0.0,0.0,False,0
1775896916690543143,1775896915342980,1775896915342980,True,2,0.0,0.0,0.0,0.0,False,0
1775896916741903890,1775896915378980,1775896915378980,True,2,0.0,0.0,0.0,0.0,False,0
1775896916793647255,1775896915430980,1775896915430980,True,2,0.0,0.0,0.0,0.0,False,0
1775896916844510856,1775896915478980,1775896915478980,True,2,0.0,0.0,0.0,0.0,False,0
1775896916888630942,1775896915522980,1775896915522980,True,2,0.0,0.0,0.0,0.0,False,0
1775896916939622478,1775896915570980,1775896915570980,True,2,0.0,0.0,0.0,0.0,False,0
1775896916990145957,1775896915618980,1775896915618980,True,2,0.0,0.0,0.0,0.0,False,0
1775896917037591881,1775896915662980,1775896915662980,True,2,0.0,0.0,0.0,0.0,False,0
1775896917087944387,1775896915710980,1775896915710980,True,2,0.0,0.0,0.0,0.0,False,0
1775896917145527730,1775896915758980,1775896915758980,True,2,0.0,0.0,0.0,0.0,False,0
1775896917188803060,1775896915790980,1775896915790980,True,2,0.0,0.0,0.0,0.0,False,0
1775896917244313218,1775896915838980,1775896915838980,True,2,0.0,0.0,0.0,0.0,False,0
1775896917287806112,1775896915882980,1775896915882980,True,2,0.0,0.0,0.0,0.0,False,0
1775896917343846278,1775896915938980,1775896915938980,True,2,0.0,0.0,0.0,0.0,False,0
1775896917388545971,1775896915978980,1775896915978980,True,2,0.0,0.0,0.0,0.0,False,0
1775896917444517114,1775896916026980,1775896916026980,True,2,0.0,0.0,0.0,0.0,False,0
1775896917489125480,1775896916062980,1775896916062980,True,2,0.0,0.0,0.0,0.0,False,0
1775896917542470934,1775896916106980,1775896916106980,True,2,0.0,0.0,0.0,0.0,False,0
1775896917588005111,1775896916150980,1775896916150980,True,2,0.0,0.0,0.0,0.0,False,0
1775896917641025385,1775896916182980,1775896916182980,True,2,0.0,0.0,0.0,0.0,False,0
1775896917703064342,1775896916234980,1775896916226980,True,2,0.0,0.0,0.0,0.0,False,0
1775896917739410527,1775896916262980,1775896916262980,True,2,0.0,0.0,0.0,0.0,False,0
1775896917793049832,1775896916318980,1775896916318980,True,2,0.0,0.0,0.0,0.0,False,0
1775896917842392624,1775896916358980,1775896916358980,True,2,0.0,0.0,0.0,0.0,False,0
1775896917889174175,1775896916410980,1775896916410980,True,2,0.0,0.0,0.0,0.0,False,0
1775896917946578608,1775896917948378,1775896917941734,True,2,0.0,0.0,0.0,0.0,False,0
1775896917992162640,1775896917991106,1775896917985423,True,2,0.0,0.0,0.0,0.0,False,0
1775896918044669578,1775896918037185,1775896918035875,True,2,0.0,0.0,0.0,0.0,False,0
1775896918087507219,1775896918081265,1775896918081265,True,2,0.0,0.0,0.0,0.0,False,0
1775896918140744834,1775896918134737,1775896918134737,True,2,0.0,0.0,0.0,0.0,False,0
1775896918189026683,1775896918185784,1775896918185784,True,2,0.0,0.0,0.0,0.0,False,0
1775896918237832012,1775896918238084,1775896918235936,True,2,0.0,0.0,0.0,0.0,False,0
1775896918287379025,1775896918279109,1775896918279109,True,2,0.0,0.0,0.0,0.0,False,0
1775896918341423925,1775896918328715,1775896918328715,True,2,0.0,0.0,0.0,0.0,False,0
1775896918404860270,1775896918383245,1775896918383245,True,2,0.0,0.0,0.0,0.0,False,0
1775896918446821284,1775896918436099,1775896918436099,True,2,0.0,0.0,0.0,0.0,False,0
1775896918487302959,1775896918492749,1775896918486151,True,2,0.0,0.0,0.0,0.0,False,0
1775896918548392235,1775896918545473,1775896918538579,True,2,0.0,0.0,0.0,0.0,False,0
1775896918589353327,1775896918594543,1775896918586766,True,2,0.0,0.0,0.0,0.0,False,0
1775896918641861481,1775896918651408,1775896918638427,True,2,0.0,0.0,0.0,0.0,False,0
1775896918687823076,1775896918695928,1775896918685408,True,2,0.0,0.0,0.0,0.0,False,0
1775896918743883722,1775896918742955,1775896918736552,True,2,0.0,0.0,0.0,0.0,False,0
1775896918788538072,1775896918785032,1775896918785032,True,2,0.0,0.0,0.0,0.0,False,0
1775896918841110769,1775896918829099,1775896918829099,True,2,0.0,0.0,0.0,0.0,False,0
1775896918894526814,1775896918883628,1775896918883628,True,2,0.0,0.0,0.0,0.0,False,0
1775896918940913234,1775896918936629,1775896918935983,True,2,0.0,0.0,0.0,0.0,False,0
1775896918987450500,1775896918985951,1775896918985828,True,2,0.0,0.0,0.0,0.0,False,0
1775896919044153921,1775896919027057,1775896919027057,True,2,0.0,0.0,0.0,0.0,False,0
1775896919091708132,1775896919080519,1775896919080519,True,2,0.0,0.0,0.0,0.0,False,0
1775896919140368343,1775896919128129,1775896919128129,True,2,0.0,0.0,0.0,0.0,False,0
1775896919189338790,1775896919185683,1775896919185683,True,2,0.0,0.0,0.0,0.0,False,0
1775896919239146440,1775896919233058,1775896919233058,True,2,0.0,0.0,0.0,0.0,False,0
1775896919287183044,1775896919290108,1775896919285845,True,2,0.0,0.0,0.0,0.0,False,0
1775896919342062108,1775896919336830,1775896919336171,True,2,0.0,0.0,0.0,0.0,False,0
1775896919387965047,1775896919392866,1775896919386080,True,2,0.0,0.0,0.0,0.0,False,0
1775896919445936161,1775896919447970,1775896919436087,True,2,0.0,0.0,0.0,0.0,False,0
1775896919488076916,1775896919498835,1775896919486029,True,2,0.0,0.0,0.0,0.0,False,0
1775896919542069881,1775896919546515,1775896919537118,True,2,0.0,0.0,0.0,0.0,False,0
1775896919605689552,1775896919600590,1775896919587121,True,2,0.0,0.0,0.0,0.0,False,0
1775896919642529809,1775896919645894,1775896919638772,True,2,0.0,0.0,0.0,0.0,False,0
1775896919692188469,1775896919698120,1775896919686046,True,2,0.0,0.0,0.0,0.0,False,0
1775896919740261265,1775896919742120,1775896919735842,True,2,0.0,0.0,0.0,0.0,False,0
1775896919808670785,1775896919798120,1775896919786359,True,2,0.0,0.0,0.0,0.0,False,0
1775896919841365055,1775896919842120,1775896919835477,True,2,0.0,0.0,0.0,0.0,False,0
1775896919887345498,1775896919890120,1775896919885506,True,2,0.0,0.0,0.0,0.0,False,0
1775896919941616923,1775896919934120,1775896919934120,True,2,0.0,0.0,0.0,0.0,False,0
1775896920009326997,1775896919990120,1775896919986195,True,2,0.0,0.0,0.0,0.0,False,0
1775896920041436220,1775896920030120,1775896920030120,True,2,0.0,0.0,0.0,0.0,False,0
1775896920092110066,1775896920078120,1775896920078120,True,2,0.0,0.0,0.0,0.0,False,0
1775896920153661447,1775896920130120,1775896920130120,True,2,0.0,0.0,0.0,0.0,False,0
1775896920192279854,1775896920158120,1775896920158120,True,2,0.0,0.0,0.0,0.0,False,0
1775896920246463664,1775896920198120,1775896920198120,True,2,0.0,0.0,0.0,0.0,False,0
1775896920292715975,1775896920238120,1775896920238120,True,2,0.0,0.0,0.0,0.0,False,0
1775896920340297067,1775896920270120,1775896920270120,True,2,0.0,0.0,0.0,0.0,False,0
1775896920408517118,1775896920318120,1775896920318120,True,2,0.0,0.0,0.0,0.0,False,0
1775896920443760535,1775896920358120,1775896920358120,True,2,0.0,0.0,0.0,0.0,False,0
1775896920508130339,1775896920410120,1775896920410120,True,2,0.0,0.0,0.0,0.0,False,0
1775896920538756416,1775896920438120,1775896920438120,True,2,0.0,0.0,0.0,0.0,False,0
1775896920603329161,1775896920486120,1775896920482120,True,2,0.0,0.0,0.0,0.0,False,0
1775896920648668877,1775896920530120,1775896920530120,True,2,0.0,0.0,0.0,0.0,False,0
1775896920700515441,1775896920570120,1775896920570120,True,2,0.0,0.0,0.0,0.0,False,0
1775896920739153880,1775896920606120,1775896920606120,True,2,0.0,0.0,0.0,0.0,False,0
1775896920790915134,1775896920654120,1775896920654120,True,2,0.0,0.0,0.0,0.0,False,0
1775896920842914560,1775896920702120,1775896920702120,True,2,0.0,0.0,0.0,0.0,False,0
1775896920905271146,1775896920746120,1775896920746120,True,2,0.0,0.0,0.0,0.0,False,0
1775896920939470418,1775896920790120,1775896920790120,True,2,0.0,0.0,0.0,0.0,False,0
1775896920991081082,1775896920838120,1775896920838120,True,2,0.0,0.0,0.0,0.0,False,0
1775896921040528962,1775896920878120,1775896920878120,True,2,0.0,0.0,0.0,0.0,False,0
1775896921093096988,1775896920930120,1775896920930120,True,2,0.0,0.0,0.0,0.0,False,0
1775896921142271560,1775896920982120,1775896920982120,True,2,0.0,0.0,0.0,0.0,False,0
1775896921189766797,1775896921030120,1775896921030120,True,2,0.0,0.0,0.0,0.0,False,0
1775896921240913020,1775896921070120,1775896921070120,True,2,0.0,0.0,0.0,0.0,False,0
1775896921295651638,1775896921118120,1775896921118120,True,2,0.0,0.0,0.0,0.0,False,0
1775896921344353481,1775896921158120,1775896921158120,True,2,0.0,0.0,0.0,0.0,False,0
1775896921391764591,1775896921210120,1775896921210120,True,2,0.0,0.0,0.0,0.0,False,0
1775896921446472617,1775896921258120,1775896921258120,True,2,0.0,0.0,0.0,0.0,False,0
1775896921492048074,1775896921298120,1775896921298120,True,2,0.0,0.0,0.0,0.0,False,0
1775896921538483838,1775896921338120,1775896921338120,True,2,0.0,0.0,0.0,0.0,False,0
1775896921590791100,1775896921390120,1775896921390120,True,2,0.0,0.0,0.0,0.0,False,0
1775896921643797712,1775896921438120,1775896921438120,True,2,0.0,0.0,0.0,0.0,False,0
1775896921694144939,1775896921470120,1775896921470120,True,2,0.0,0.0,0.0,0.0,False,0
1775896921746799395,1775896921518120,1775896921518120,True,2,0.0,0.0,0.0,0.0,False,0
1775896921790099110,1775896921558120,1775896921558120,True,2,0.0,0.0,0.0,0.0,False,0
1775896921846839619,1775896921610120,1775896921610120,True,2,0.0,0.0,0.0,0.0,False,0
1775896921893316566,1775896921650120,1775896921650120,True,2,0.0,0.0,0.0,0.0,False,0
1775896921940647134,1775896921694120,1775896921694120,True,2,0.0,0.0,0.0,0.0,False,0
1775896922000722953,1775896921738120,1775896921738120,True,2,0.0,0.0,0.0,0.0,False,0
1775896922040999960,1775896921766120,1775896921766120,True,2,0.0,0.0,0.0,0.0,False,0
1775896922096880098,1775896921810120,1775896921810120,True,2,0.0,0.0,0.0,0.0,False,0
1775896922142181159,1775896921846120,1775896921846120,True,2,0.0,0.0,0.0,0.0,False,0
1775896922196168108,1775896921890120,1775896921890120,True,2,0.0,0.0,0.0,0.0,False,0
1775896922244425126,1775896921930120,1775896921930120,True,2,0.0,0.0,0.0,0.0,False,0
1775896922292658592,1775896921978120,1775896921978120,True,2,0.0,0.0,0.0,0.0,False,0
1775896922338543485,1775896922018120,1775896922018120,True,2,0.0,0.0,0.0,0.0,False,0
1775896922392745599,1775896922074120,1775896922074120,True,2,0.0,0.0,0.0,0.0,False,0
1775896922439738732,1775896922110120,1775896922110120,True,2,0.0,0.0,0.0,0.0,False,0
1775896922494332200,1775896922158120,1775896922158120,True,2,0.0,0.0,0.0,0.0,False,0
1775896922540972282,1775896922198120,1775896922198120,True,2,0.0,0.0,0.0,0.0,False,0
1775896922591341332,1775896922250120,1775896922250120,True,2,0.0,0.0,0.0,0.0,False,0
1775896922639857322,1775896922290120,1775896922290120,True,2,0.0,0.0,0.0,0.0,False,0
1775896922691467763,1775896922338120,1775896922338120,True,2,0.0,0.0,0.0,0.0,False,0
1775896922748281454,1775896922378120,1775896922378120,True,2,0.0,0.0,0.0,0.0,False,0
1775896922795281883,1775896922418120,1775896922418120,True,2,0.0,0.0,0.0,0.0,False,0
1775896922843392823,1775896922462120,1775896922462120,True,2,0.0,0.0,0.0,0.0,False,0
1775896922894503078,1775896922510120,1775896922510120,True,2,0.0,0.0,0.0,0.0,False,0
1775896922951381313,1775896922566120,1775896922566120,True,2,0.0,0.0,0.0,0.0,False,0
1775896923000086676,1775896922606120,1775896922606120,True,2,0.0,0.0,0.0,0.0,False,0
1775896923044811490,1775896922642120,1775896922642120,True,2,0.0,0.0,0.0,0.0,False,0
1775896923089128918,1775896922686120,1775896922686120,True,2,0.0,0.0,0.0,0.0,False,0
1775896923142555908,1775896922730120,1775896922730120,True,2,0.0,0.0,0.0,0.0,False,0
1775896923201373635,1775896922790120,1775896922790120,True,2,0.0,0.0,0.0,0.0,False,0
1775896923248638763,1775896922826120,1775896922826120,True,2,0.0,0.0,0.0,0.0,False,0
1775896923305928768,1775896922870120,1775896922870120,True,2,0.0,0.0,0.0,0.0,False,0
1775896923343032095,1775896922914120,1775896922914120,True,2,0.0,0.0,0.0,0.0,False,0
1775896923394039760,1775896922958120,1775896922958120,True,2,0.0,0.0,0.0,0.0,False,0
1775896923443378138,1775896922998120,1775896922998120,True,2,0.0,0.0,0.0,0.0,False,0
1775896923504477015,1775896923050120,1775896923050120,True,2,0.0,0.0,0.0,0.0,False,0
1775896923542633670,1775896923086120,1775896923086120,True,2,0.0,0.0,0.0,0.0,False,0
1775896923598141365,1775896923142120,1775896923138120,True,2,0.0,0.0,0.0,0.0,False,0
1775896923648803180,1775896923190120,1775896923190120,True,2,0.0,0.0,0.0,0.0,False,0
1775896923694621002,1775896923230120,1775896923230120,True,2,0.0,0.0,0.0,0.0,False,0
1775896923739072124,1775896923270120,1775896923270120,True,2,0.0,0.0,0.0,0.0,False,0
1775896923796767467,1775896923322120,1775896923322120,True,2,0.0,0.0,0.0,0.0,False,0
1775896923837267319,1775896923354120,1775896923354120,True,2,0.0,0.0,0.0,0.0,False,0
1775896923898973963,1775896923418120,1775896923418120,True,2,0.0,0.0,0.0,0.0,False,0
1775896923940863843,1775896923450120,1775896923450120,True,2,0.0,0.0,0.0,0.0,False,0
1775896923989411864,1775896923498120,1775896923498120,True,2,0.0,0.0,0.0,0.0,False,0
1775896924040317996,1775896923526120,1775896923526120,True,2,0.0,0.0,0.0,0.0,False,0
1775896924087051644,1775896923570120,1775896923570120,True,2,0.0,0.0,0.0,0.0,False,0
1775896924140652264,1775896923618120,1775896923618120,True,2,0.0,0.0,0.0,0.0,False,0
1775896924203888966,1775896923670120,1775896923670120,True,2,0.0,0.0,0.0,0.0,False,0
1775896924240921605,1775896923702120,1775896923702120,True,2,0.0,0.0,0.0,0.0,False,0
1775896924304255170,1775896923746120,1775896923746120,True,2,0.0,0.0,0.0,0.0,False,0
1775896924342748907,1775896923786120,1775896923786120,True,2,0.0,0.0,0.0,0.0,False,0
1775896924406165127,1775896923838120,1775896923838120,True,2,0.0,0.0,0.0,0.0,False,0
1775896924449577896,1775896923878120,1775896923878120,True,2,0.0,0.0,0.0,0.0,False,0
1775896924505923819,1775896923918120,1775896923918120,True,2,0.0,0.0,0.0,0.0,False,0
1775896924544684721,1775896923958120,1775896923958120,True,2,0.0,0.0,0.0,0.0,False,0
1775896924589392128,1775896923998120,1775896923998120,True,2,0.0,0.0,0.0,0.0,False,0
1775896924646278971,1775896924046120,1775896924046120,True,2,0.0,0.0,0.0,0.0,False,0
1775896924707047517,1775896924090120,1775896924090120,True,2,0.0,0.0,0.0,0.0,False,0
1775896924748361118,1775896924126120,1775896924126120,True,2,0.0,0.0,0.0,0.0,False,0
1775896924790012057,1775896924166120,1775896924166120,True,2,0.0,0.0,0.0,0.0,False,0
1775896924847325166,1775896924210120,1775896924210120,True,2,0.0,0.0,0.0,0.0,False,0
1775896924888983657,1775896924250120,1775896924250120,True,2,0.0,0.0,0.0,0.0,False,0
1775896924947415310,1775896924306120,1775896924306120,True,2,0.0,0.0,0.0,0.0,False,0
1775896924990236568,1775896924350120,1775896924350120,True,2,0.0,0.0,0.0,0.0,False,0
1775896925045737000,1775896924386120,1775896924386120,True,2,0.0,0.0,0.0,0.0,False,0
1775896925089024907,1775896924426120,1775896924426120,True,2,0.0,0.0,0.0,0.0,False,0
1775896925144217984,1775896924470120,1775896924466120,True,2,0.0,0.0,0.0,0.0,False,0
1775896925190528599,1775896924518120,1775896924518120,True,2,0.0,0.0,0.0,0.0,False,0
1775896925250427974,1775896924570120,1775896924570120,True,2,0.0,0.0,0.0,0.0,False,0
1775896925290060415,1775896924610120,1775896924610120,True,2,0.0,0.0,0.0,0.0,False,0
1775896925340939987,1775896924654120,1775896924654120,True,2,0.0,0.0,0.0,0.0,False,0
1775896925389109423,1775896924698120,1775896924698120,True,2,0.0,0.0,0.0,0.0,False,0
1775896925443005463,1775896924750120,1775896924750120,True,2,0.0,0.0,0.0,0.0,False,0
1775896925488830581,1775896924790120,1775896924790120,True,2,0.0,0.0,0.0,0.0,False,0
1775896925540275457,1775896924830120,1775896924830120,True,2,0.0,0.0,0.0,0.0,False,0
1775896925603832858,1775896924878120,1775896924878120,True,2,0.0,0.0,0.0,0.0,False,0
1775896925644477764,1775896924918120,1775896924918120,True,2,0.0,0.0,0.0,0.0,False,0
1775896925688559740,1775896924958120,1775896924958120,True,2,0.0,0.0,0.0,0.0,False,0
1775896925744758146,1775896925010120,1775896925010120,True,2,0.0,0.0,0.0,0.0,False,0
1775896925789174165,1775896925050120,1775896925050120,True,2,0.0,0.0,0.0,0.0,False,0
1775896925841062106,1775896925098120,1775896925098120,True,2,0.0,0.0,0.0,0.0,False,0
1775896925897283007,1775896925150120,1775896925150120,True,2,0.0,-0.012897303327918053,0.0,0.0,False,0
1775896925948608333,1775896925190120,1775896925190120,True,2,0.0,-0.012897303327918053,0.0,0.0,False,0
1775896925991246490,1775896925230120,1775896925230120,True,2,0.0,-0.012897303327918053,0.0,0.0,False,0
1775896926042521992,1775896925270120,1775896925270120,True,2,0.0,-0.012897303327918053,0.0,0.0,False,0
1775896926104842516,1775896925318120,1775896925318120,True,2,0.0,-0.012897303327918053,0.0,0.0,False,0
1775896926141964274,1775896925358120,1775896925358120,True,2,0.0,-0.012897303327918053,0.0,0.0,False,0
1775896926209024537,1775896925410120,1775896925410120,True,2,0.0,0.11784736067056656,0.0,0.0,True,0
1775896926240880644,1775896925442120,1775896925442120,True,2,0.0,0.11784736067056656,0.0,0.0,True,0
1775896926307835628,1775896925510120,1775896925502120,True,2,0.0,0.11784736067056656,0.0,0.0,True,0
1775896926341278721,1775896925538120,1775896925538120,True,2,0.0,0.11784736067056656,0.0,0.0,False,0
1775896926404223812,1775896925594120,1775896925594120,True,2,0.0,0.11784736067056656,0.0,0.0,False,0
1775896926442420722,1775896925610120,1775896925610120,True,2,0.0,0.11784736067056656,0.0,0.0,False,0
1775896926488170258,1775896925658120,1775896925658120,True,2,0.0,-0.10284344106912613,0.0,0.0,True,0
1775896926542862702,1775896925702120,1775896925702120,True,2,0.0,-0.10284344106912613,0.0,0.0,True,0
1775896926591808286,1775896925750120,1775896925750120,True,2,0.0,-0.10284344106912613,0.0,0.0,True,0
1775896926641061898,1775896925782120,1775896925782120,True,2,0.0,-0.10284344106912613,0.0,0.0,True,0
1775896926691863840,1775896925830120,1775896925830120,True,2,0.0,-0.10284344106912613,0.0,0.0,True,0
1775896926739121129,1775896925870120,1775896925870120,True,2,0.0,-0.10284344106912613,0.0,0.0,False,0
1775896926803823154,1775896925922120,1775896925922120,True,2,0.0,-0.10284344106912613,0.0,0.0,False,0
1775896926838593491,1775896925958120,1775896925958120,True,2,0.0,0.16069525480270386,0.0,0.0,True,0
1775896926891305580,1775896926010120,1775896926010120,True,2,0.0,0.16069525480270386,0.0,0.0,True,0
1775896926939664293,1775896926042120,1775896926042120,True,2,0.0,0.16069525480270386,0.0,0.0,True,0
1775896926994348962,1775896926086120,1775896926086120,True,2,0.0,0.16069525480270386,0.0,0.0,True,0
1775896927038625463,1775896926130120,1775896926130120,True,2,0.0,0.16069525480270386,0.0,0.0,True,0
1775896927089430668,1775896926174120,1775896926174120,True,2,0.0,-0.22229410707950592,0.0,0.0,True,0
1775896927139828520,1775896926210120,1775896926210120,True,2,0.0,-0.22229410707950592,0.0,0.0,True,0
1775896927187377933,1775896926262120,1775896926262120,True,2,0.0,-0.22229410707950592,0.0,0.0,True,0
1775896927238249666,1775896926298120,1775896926298120,True,2,0.0,-0.22229410707950592,0.0,0.0,True,0
1775896927288214148,1775896926350120,1775896926350120,True,2,0.0,-0.22229410707950592,0.0,0.0,True,0
1775896927345236542,1775896926398120,1775896926398120,True,2,0.0,-0.22229410707950592,0.0,0.0,True,0
1775896927391326585,1775896926438120,1775896926438120,True,2,0.0,0.03257075324654579,0.0,0.0,True,0
1775896927439898319,1775896926478120,1775896926478120,True,2,0.0,0.03257075324654579,0.0,0.0,True,0
1775896927505075345,1775896926530120,1775896926530120,True,2,0.0,0.03257075324654579,0.0,0.0,True,0
1775896927541823893,1775896926570120,1775896926570120,True,2,0.0,0.03257075324654579,0.0,0.0,True,0
1775896927592195153,1775896926618120,1775896926618120,True,2,0.0,0.03257075324654579,0.0,0.0,True,0
1775896927637147645,1775896926658120,1775896926658120,True,2,0.0,0.03257075324654579,0.0,0.0,False,0
1775896927688454699,1775896926702120,1775896926702120,True,2,0.0,0.01297933142632246,0.0,0.0,False,0
1775896927739840632,1775896926750120,1775896926750120,True,2,0.0,0.01297933142632246,0.0,0.0,False,0
1775896927794474837,1775896926798120,1775896926798120,True,2,0.0,0.01297933142632246,0.0,0.0,False,0
1775896927841453987,1775896926842120,1775896926842120,True,2,0.0,0.01297933142632246,0.0,0.0,False,0
1775896927889539264,1775896926870120,1775896926870120,True,2,0.0,0.01297933142632246,0.0,0.0,False,0
1775896927937535423,1775896926910120,1775896926910120,True,2,0.0,0.01297933142632246,0.0,0.0,False,0
1775896928004903169,1775896926974120,1775896926962120,True,2,0.0,0.01297933142632246,0.0,0.0,False,0
1775896928042328731,1775896927010120,1775896927010120,True,2,0.0,-0.2206297665834427,0.0,0.0,True,0
1775896928102839106,1775896927070120,1775896927070120,True,2,0.0,-0.2206297665834427,0.0,0.0,True,0
1775896928141944996,1775896927106120,1775896927106120,True,2,0.0,-0.2206297665834427,0.0,0.0,True,0
1775896928203287295,1775896927150120,1775896927150120,True,2,0.0,-0.2206297665834427,0.0,0.0,True,0
1775896928241581036,1775896927190120,1775896927190120,True,2,0.0,-0.2206297665834427,0.0,0.0,True,0
1775896928286968082,1775896927230120,1775896927230120,True,2,0.0,-0.2206297665834427,0.0,0.0,False,0
1775896928342858749,1775896927282120,1775896927282120,True,2,0.0,-0.22065451741218567,0.0,0.0,False,0
1775896928405901023,1775896927330120,1775896927330120,True,2,0.0,-0.22065451741218567,0.0,0.0,False,0
1775896928439871820,1775896927358120,1775896927358120,True,2,0.0,-0.22065451741218567,0.0,0.0,False,0
1775896928490057995,1775896927418120,1775896927418120,True,2,0.0,-0.22065451741218567,0.0,0.0,False,0
1775896928543204350,1775896927462120,1775896927462120,True,2,0.0,-0.22065451741218567,0.0,0.0,False,0
1775896928600173305,1775896927502120,1775896927502120,True,2,0.0,-0.22065451741218567,0.0,0.0,False,0
1775896928638578117,1775896927542120,1775896927542120,True,2,0.0,-0.008571743033826351,0.0,0.0,True,0
1775896928700792755,1775896927590120,1775896927590120,True,2,0.0,-0.008571743033826351,0.0,0.0,True,0
1775896928746159225,1775896927638120,1775896927638120,True,2,0.0,-0.008571743033826351,0.0,0.0,True,0
1775896928790879976,1775896927678120,1775896927678120,True,2,0.0,-0.008571743033826351,0.0,0.0,True,0
1775896928840460848,1775896927722120,1775896927722120,True,2,0.0,-0.008571743033826351,0.0,0.0,True,0
1775896928905129626,1775896927778120,1775896927778120,True,2,0.0,0.09938512742519379,0.0,0.0,True,0
1775896928938793579,1775896927810120,1775896927810120,True,2,0.0,0.09938512742519379,0.0,0.0,True,0
1775896929007255358,1775896927862120,1775896927858120,True,2,0.0,0.09938512742519379,0.0,0.0,True,0
1775896929039132234,1775896927890120,1775896927890120,True,2,0.0,0.09938512742519379,0.0,0.0,True,0
1775896929087235015,1775896927938120,1775896927938120,True,2,0.0,0.09938512742519379,0.0,0.0,False,0
1775896929137419814,1775896927970120,1775896927970120,True,2,0.0,0.09938512742519379,0.0,0.0,False,0
1775896929202172431,1775896928030120,1775896928030120,True,2,0.0,0.09938512742519379,0.0,0.0,False,0
1775896929238102624,1775896928066120,1775896928066120,True,2,0.0,0.09298068284988403,0.0,0.0,False,0
1775896929292025640,1775896928118120,1775896928118120,True,2,0.0,0.09298068284988403,0.0,0.0,False,0
1775896929341582544,1775896928154120,1775896928154120,True,2,0.0,0.09298068284988403,0.0,0.0,False,0
1775896929388619070,1775896928198120,1775896928198120,True,2,0.0,0.09298068284988403,0.0,0.0,False,0
1775896929441514261,1775896928250120,1775896928250120,True,2,0.0,0.09298068284988403,0.0,0.0,False,0
1775896929489142714,1775896928298120,1775896928298120,True,2,0.0,0.09298068284988403,0.0,0.0,False,0
1775896929538344839,1775896928338120,1775896928338120,True,2,0.0,0.19305923581123352,0.0,0.0,True,0
1775896929588612229,1775896928382120,1775896928382120,True,2,0.0,0.19305923581123352,0.0,0.0,True,0
1775896929644811372,1775896928426120,1775896928426120,True,2,0.0,0.19305923581123352,0.0,0.0,True,0
1775896929688751815,1775896928462120,1775896928462120,True,2,0.0,0.19305923581123352,0.0,0.0,False,0
1775896929746569078,1775896928510120,1775896928510120,True,2,0.0,0.19305923581123352,0.0,0.0,False,0
1775896929788191922,1775896928550120,1775896928550120,True,2,0.0,0.19305923581123352,0.0,0.0,False,0
1775896929844391385,1775896928598120,1775896928598120,True,2,0.0,0.04012230038642883,0.0,0.0,True,0
1775896929899058774,1775896928646120,1775896928646120,True,2,0.0,0.04012230038642883,0.0,0.0,True,0
1775896929939836064,1775896928690120,1775896928690120,True,2,0.0,0.04012230038642883,0.0,0.0,True,0
1775896929993103410,1775896928738120,1775896928738120,True,2,0.0,0.04012230038642883,0.0,0.0,True,0
1775896930038819026,1775896928782120,1775896928782120,True,2,0.0,0.04012230038642883,0.0,0.0,False,0
1775896930100904099,1775896928838120,1775896928838120,True,2,0.0,0.04012230038642883,0.0,0.0,False,0
1775896930141505935,1775896928878120,1775896928878120,True,2,0.0,-0.0621940903365612,0.0,0.0,True,0
1775896930191169430,1775896928930120,1775896928930120,True,2,0.0,-0.0621940903365612,0.0,0.0,True,0
1775896930244642021,1775896928982120,1775896928982120,True,2,0.0,-0.0621940903365612,0.0,0.0,True,0
1775896930291455190,1775896929022120,1775896929022120,True,2,0.0,-0.0621940903365612,0.0,0.0,False,0
1775896930344254767,1775896929078120,1775896929078120,True,2,0.0,-0.0621940903365612,0.0,0.0,False,0
1775896930388943903,1775896929122120,1775896929122120,True,2,0.0,-0.0621940903365612,0.0,0.0,False,0
1775896930443130467,1775896929170120,1775896929170120,True,2,0.0,-0.024202870205044746,0.0,0.0,False,0
1775896930487179933,1775896929210120,1775896929210120,True,2,0.0,-0.024202870205044746,0.0,0.0,False,0
1775896930542570288,1775896929262120,1775896929262120,True,2,0.0,-0.024202870205044746,0.0,0.0,False,0
1775896930589427968,1775896929310120,1775896929310120,True,2,0.0,-0.024202870205044746,0.0,0.0,False,0
1775896930644984688,1775896929362120,1775896929362120,True,2,0.0,-0.024202870205044746,0.0,0.0,False,0
1775896930690908462,1775896929406120,1775896929406120,True,2,0.0,-0.20117415487766266,0.0,0.0,True,0
1775896930742962770,1775896929442120,1775896929442120,True,2,0.0,-0.20117415487766266,0.0,0.0,True,0
1775896930794958903,1775896929490120,1775896929490120,True,2,0.0,-0.20117415487766266,0.0,0.0,True,0
1775896930839184942,1775896929530120,1775896929530120,True,2,0.0,-0.20117415487766266,0.0,0.0,True,0
1775896930888007457,1775896929574120,1775896929574120,True,2,0.0,-0.20117415487766266,0.0,0.0,False,0
1775896930940164195,1775896929618120,1775896929618120,True,2,0.0,-0.20117415487766266,0.0,0.0,False,0
1775896931007225067,1775896929678120,1775896929678120,True,2,0.0,-0.20117415487766266,0.0,0.0,False,0
1775896931042908191,1775896929710120,1775896929710120,True,2,0.0,-0.11318916827440262,0.0,0.0,True,0
1775896931107830823,1775896929762120,1775896929762120,True,2,0.0,-0.11318916827440262,0.0,0.0,True,0
1775896931139914832,1775896929790120,1775896929790120,True,2,0.0,-0.11318916827440262,0.0,0.0,False,0
1775896931191092577,1775896929838120,1775896929838120,True,2,0.0,-0.11318916827440262,0.0,0.0,False,0
1775896931238939235,1775896929874120,1775896929874120,True,2,0.0,-0.11318916827440262,0.0,0.0,False,0
1775896931307827312,1775896929942120,1775896929942120,True,2,0.0,0.09171291440725327,0.0,0.0,True,0
1775896931338035765,1775896929974120,1775896929974120,True,2,0.0,0.09171291440725327,0.0,0.0,True,0
1775896931394305627,1775896930026120,1775896930022120,True,2,0.0,0.09171291440725327,0.0,0.0,True,0
1775896931441766403,1775896930066120,1775896930066120,True,2,0.0,0.09171291440725327,0.0,0.0,True,0
1775896931491575912,1775896930110120,1775896930110120,True,2,0.0,0.09171291440725327,0.0,0.0,True,0
1775896931544126500,1775896930154120,1775896930154120,True,2,0.0,0.09171291440725327,0.0,0.0,False,0
1775896931598993471,1775896930202120,1775896930202120,True,2,0.0,-0.09294234961271286,0.0,0.0,True,0
1775896931647236443,1775896930254120,1775896930254120,True,2,0.0,-0.09294234961271286,0.0,0.0,True,0
1775896931688310561,1775896930290120,1775896930290120,True,2,0.0,-0.09294234961271286,0.0,0.0,True,0
1775896931740154408,1775896930326120,1775896930326120,True,2,0.0,-0.09294234961271286,0.0,0.0,True,0
1775896931788361604,1775896930374120,1775896930374120,True,2,0.0,-0.09294234961271286,0.0,0.0,False,0
1775896931837953645,1775896930418120,1775896930418120,True,2,0.0,-0.09294234961271286,0.0,0.0,False,0
1775896931895724157,1775896930474120,1775896930474120,True,2,0.0,-0.09294234961271286,0.0,0.0,False,0
1775896931941061700,1775896930510120,1775896930510120,True,2,0.0,0.0,0.0,0.0,True,0
1775896931988906566,1775896930558120,1775896930558120,True,2,0.0,0.0,0.0,0.0,True,0
1775896932040248052,1775896930602120,1775896930598120,True,2,0.0,0.0,0.0,0.0,False,0
1775896932088817996,1775896930650120,1775896930650120,True,2,0.0,0.0,0.0,0.0,False,0
1775896932141429576,1775896930698120,1775896930698120,True,2,0.0,0.0,0.0,0.0,False,0
1775896932187470853,1775896930738120,1775896930738120,True,2,0.0,0.0,0.0,0.0,False,0
1775896932239049648,1775896932230122,1775896932230122,True,2,0.0,0.0,0.0,0.0,False,0
1775896932298790148,1775896932288375,1775896932286007,True,2,0.0,0.0,0.0,0.0,False,0
1775896932339969128,1775896932324255,1775896932324255,True,2,0.0,0.0,0.0,0.0,False,0
1775896932387829834,1775896932381608,1775896932381608,True,2,0.0,0.0,0.0,0.0,False,0
1775896932442530887,1775896932440347,1775896932437620,True,2,0.0,0.0,0.0,0.0,False,0
1775896932487481108,1775896932492219,1775896932485712,True,2,0.0,0.0,0.0,0.0,False,0
1775896932537121340,1775896932540058,1775896932536098,True,2,0.0,0.0,0.0,0.0,False,0
1775896932590617579,1775896932594645,1775896932585589,True,2,0.0,0.0,0.0,0.0,False,0
1775896932637687096,1775896932639764,1775896932635598,True,2,0.0,0.0,0.0,0.0,False,0
1775896932692677522,1775896932695149,1775896932685610,True,2,0.0,0.0,0.0,0.0,False,0
1775896932743471785,1775896932736469,1775896932735943,True,2,0.0,0.0,0.0,0.0,False,0
1775896932789108523,1775896932781371,1775896932781371,True,2,0.0,0.0,0.0,0.0,False,0
1775896932838629141,1775896932829312,1775896932829312,True,2,0.0,0.0,0.0,0.0,False,0
1775896932892950712,1775896932881920,1775896932881920,True,2,0.0,0.0,0.0,0.0,False,0
1775896932941863658,1775896932930921,1775896932930921,True,2,0.0,0.0,0.0,0.0,False,0
1775896932990226789,1775896932991008,1775896932988361,True,2,0.0,0.0,0.0,0.0,False,0
1775896933041643763,1775896933039987,1775896933036343,True,2,0.0,0.0,0.0,0.0,False,0
1775896933099119688,1775896933087393,1775896933086452,True,2,0.0,0.0,0.0,0.0,False,0
1775896933143821144,1775896933148717,1775896933136982,True,2,0.0,0.0,0.0,0.0,False,0
1775896933188844548,1775896933190705,1775896933186443,True,2,0.0,0.0,0.0,0.0,False,0
1775896933241338658,1775896933250107,1775896933237805,True,2,0.0,0.0,0.0,0.0,False,0
1775896933304324935,1775896933305794,1775896933286968,True,2,0.0,0.0,0.0,0.0,False,0
1775896933340977933,1775896933348911,1775896933339507,True,2,0.0,0.0,0.0,0.0,False,0
1775896933388577971,1775896933396059,1775896933386884,True,2,0.0,0.0,0.0,0.0,False,0
1775896933441162224,1775896933435366,1775896933435366,True,2,0.0,0.0,0.0,0.0,False,0
1775896933487368682,1775896933488728,1775896933485822,True,2,0.0,0.0,0.0,0.0,False,0
1775896933543188792,1775896933541709,1775896933536258,True,2,0.0,0.0,0.0,0.0,False,0
1775896933589100950,1775896933590788,1775896933585833,True,2,0.0,0.0,0.0,0.0,False,0
1775896933642637765,1775896933642404,1775896933635973,True,2,0.0,0.0,0.0,0.0,False,0
1775896933686894684,1775896933687281,1775896933685795,True,2,0.0,0.0,0.0,0.0,False,0
1775896933743461535,1775896933732104,1775896933732104,True,2,0.0,0.0,0.0,0.0,False,0
1775896933788592201,1775896933780773,1775896933780773,True,2,0.0,0.0,0.0,0.0,False,0
1775896933844088251,1775896933826330,1775896933826330,True,2,0.0,0.0,0.0,0.0,False,0
1775896933892088027,1775896933879643,1775896933879643,True,2,0.0,0.0,0.0,0.0,False,0
1775896933938439539,1775896933920018,1775896933920018,True,2,0.0,0.0,0.0,0.0,False,0
1775896933986744847,1775896933968018,1775896933968018,True,2,0.0,0.0,0.0,0.0,False,0
1775896934038601495,1775896934012018,1775896934012018,True,2,0.0,0.0,0.0,0.0,False,0
1775896934095718737,1775896934064018,1775896934064018,True,2,0.0,0.0,0.0,0.0,False,0
1775896934138077572,1775896934104018,1775896934104018,True,2,0.0,0.0,0.0,0.0,False,0
1775896934190230216,1775896934156018,1775896934156018,True,2,0.0,0.0,0.0,0.0,False,0
1775896934244870855,1775896934204018,1775896934204018,True,2,0.0,0.0,0.0,0.0,False,0
1775896934287517910,1775896934244018,1775896934244018,True,2,0.0,0.0,0.0,0.0,False,0
1775896934342427697,1775896934292018,1775896934292018,True,2,0.0,0.0,0.0,0.0,False,0
1775896934394403095,1775896934340018,1775896934340018,True,2,0.0,0.0,0.0,0.0,False,0
1775896934440138168,1775896934372018,1775896934372018,True,2,0.0,0.0,0.0,0.0,False,0
1775896934488621746,1775896934424018,1775896934424018,True,2,0.0,0.0,0.0,0.0,False,0
1775896934538864977,1775896934464018,1775896934464018,True,2,0.0,0.0,0.0,0.0,False,0
1775896934590549211,1775896934512018,1775896934512018,True,2,0.0,0.0,0.0,0.0,False,0
1775896934640728860,1775896934560018,1775896934560018,True,2,0.0,0.0,0.0,0.0,False,0
1775896934686395294,1775896934608018,1775896934608018,True,2,0.0,0.0,0.0,0.0,False,0
1775896934737703854,1775896934648018,1775896934648018,True,2,0.0,0.0,0.0,0.0,False,0
1775896934789633813,1775896934692018,1775896934692018,True,2,0.0,0.0,0.0,0.0,False,0
1775896934847442853,1775896934740018,1775896934740018,True,2,0.0,0.0,0.0,0.0,False,0
1775896934887516026,1775896934780018,1775896934780018,True,2,0.0,0.0,0.0,0.0,False,0
1775896934940931659,1775896934828018,1775896934828018,True,2,0.0,0.0,0.0,0.0,False,0
1775896934988048856,1775896934872018,1775896934872018,True,2,0.0,0.0,0.0,0.0,False,0
1775896935038907823,1775896934916018,1775896934916018,True,2,0.0,0.0,0.0,0.0,False,0
1775896935087247690,1775896934968018,1775896934968018,True,2,0.0,0.0,0.0,0.0,False,0
1775896935142034599,1775896935008018,1775896935008018,True,2,0.0,0.0,0.0,0.0,False,0
1775896935186985013,1775896935048018,1775896935048018,True,2,0.0,0.0,0.0,0.0,False,0
1775896935239266678,1775896935092018,1775896935092018,True,2,0.0,0.0,0.0,0.0,False,0
1775896935295495326,1775896935140018,1775896935140018,True,2,0.0,0.0,0.0,0.0,False,0
1775896935339739830,1775896935160018,1775896935160018,True,2,0.0,0.0,0.0,0.0,False,0
1775896935405321205,1775896935208018,1775896935208018,True,2,0.0,0.0,0.0,0.0,False,0
1775896935442861039,1775896935236018,1775896935236018,True,2,0.0,0.0,0.0,0.0,False,0
1775896935486709452,1775896935280018,1775896935280018,True,2,0.0,0.0,0.0,0.0,False,0
1775896935539753699,1775896935320018,1775896935320018,True,2,0.0,0.0,0.0,0.0,False,0
1775896935590136544,1775896935368018,1775896935368018,True,2,0.0,0.0,0.0,0.0,False,0
1775896935641077526,1775896935416018,1775896935412018,True,2,0.0,0.0,0.0,0.0,False,0
1775896935693274777,1775896935468018,1775896935468018,True,2,0.0,0.0,0.0,0.0,False,0
1775896935738358212,1775896935504018,1775896935504018,True,2,0.0,0.0,0.0,0.0,False,0
1775896935808840347,1775896935568018,1775896935568018,True,2,0.0,0.0,0.0,0.0,False,0
1775896935839696663,1775896935596018,1775896935596018,True,2,0.0,0.0,0.0,0.0,False,0
1775896935889024196,1775896935648018,1775896935648018,True,2,0.0,0.0,0.0,0.0,False,0
1775896935943294441,1775896935700018,1775896935700018,True,2,0.0,0.0,0.0,0.0,False,0
1775896935987827580,1775896935744018,1775896935744018,True,2,0.0,0.0,0.0,0.0,False,0
1775896936039500807,1775896935784018,1775896935784018,True,2,0.0,0.0,0.0,0.0,False,0
1775896936089290830,1775896935832018,1775896935832018,True,2,0.0,0.0,0.0,0.0,False,0
1775896936138438878,1775896935880018,1775896935880018,True,2,0.0,0.0,0.0,0.0,False,0
1775896936206494521,1775896935940018,1775896935940018,True,2,0.0,0.0,0.0,0.0,False,0
1775896936237361940,1775896935968018,1775896935968018,True,2,0.0,0.0,0.0,0.0,False,0
1775896936291206239,1775896936020018,1775896936020018,True,2,0.0,0.0,0.0,0.0,False,0
1775896936340198226,1775896936056018,1775896936056018,True,2,0.0,0.0,0.0,0.0,False,0
1775896936396465945,1775896936108018,1775896936108018,True,2,0.0,0.0,0.0,0.0,False,0
1775896936437349346,1775896936140018,1775896936140018,True,2,0.0,0.0,0.0,0.0,False,0
1775896936488929711,1775896936188018,1775896936188018,True,2,0.0,0.0,0.0,0.0,False,0
1775896936539348716,1775896936236018,1775896936236018,True,2,0.0,0.0,0.0,0.0,False,0
1775896936592279653,1775896936288018,1775896936288018,True,2,0.0,0.0,0.0,0.0,False,0
1775896936637715083,1775896936320018,1775896936320018,True,2,0.0,0.0,0.0,0.0,False,0
1775896936690865536,1775896936372018,1775896936372018,True,2,0.0,0.0,0.0,0.0,False,0
1775896936739506808,1775896936420018,1775896936420018,True,2,0.0,0.0,0.0,0.0,False,0
1775896936791363616,1775896936468018,1775896936468018,True,2,0.0,0.0,0.0,0.0,False,0
1775896936840422033,1775896936512018,1775896936512018,True,2,0.0,0.0,0.0,0.0,False,0
1775896936888080151,1775896936556018,1775896936556018,True,2,0.0,0.0,0.0,0.0,False,0
1775896936943800807,1775896936612018,1775896936612018,True,2,0.0,0.0,0.0,0.0,False,0
1775896936988961201,1775896936656018,1775896936656018,True,2,0.0,0.0,0.0,0.0,False,0
1775896937038582362,1775896936700018,1775896936700018,True,2,0.0,0.0,0.0,0.0,False,0
1775896937088791739,1775896936740018,1775896936740018,True,2,0.0,0.0,0.0,0.0,False,0
1775896937142256908,1775896936784018,1775896936784018,True,2,0.0,0.0,0.0,0.0,False,0
1775896937187930639,1775896936832018,1775896936832018,True,2,0.0,0.0,0.0,0.0,False,0
1775896937244184823,1775896936888018,1775896936888018,True,2,0.0,0.0,0.0,0.0,False,0
1775896937293746209,1775896936924018,1775896936924018,True,2,0.0,0.0,0.0,0.0,False,0
1775896937343586919,1775896936968018,1775896936968018,True,2,0.0,0.0,0.0,0.0,False,0
1775896937388785553,1775896937012018,1775896937012018,True,2,0.0,0.0,0.0,0.0,False,0
1775896937440729497,1775896937052018,1775896937052018,True,2,0.0,0.0,0.0,0.0,False,0
1775896937493710897,1775896937108018,1775896937108018,True,2,0.0,0.0,0.0,0.0,False,0
1775896937542894464,1775896937152018,1775896937152018,True,2,0.0,0.0,0.0,0.0,False,0
1775896937587140824,1775896937200018,1775896937200018,True,2,0.0,0.0,0.0,0.0,False,0
1775896937639186974,1775896937248018,1775896937248018,True,2,0.0,0.0,0.0,0.0,False,0
1775896937689087043,1775896937292018,1775896937292018,True,2,0.0,0.0,0.0,0.0,False,0
1775896937739766205,1775896937332018,1775896937332018,True,2,0.0,0.0,0.0,0.0,False,0
1775896937791165324,1775896937388018,1775896937388018,True,2,0.0,0.0,0.0,0.0,False,0
1775896937840407451,1775896937432018,1775896937432018,True,2,0.0,0.0,0.0,0.0,False,0
1775896937902699115,1775896937472018,1775896937472018,True,2,0.0,0.0,0.0,0.0,False,0
1775896937941661104,1775896937520018,1775896937520018,True,2,0.0,0.0,0.0,0.0,False,0
1775896937989156601,1775896937560018,1775896937560018,True,2,0.0,0.0,0.0,0.0,False,0
1775896938042001907,1775896937600018,1775896937600018,True,2,0.0,0.0,0.0,0.0,False,0
1775896938091584733,1775896937652018,1775896937652018,True,2,0.0,0.0,0.0,0.0,False,0
1775896938139561599,1775896937696018,1775896937696018,True,2,0.0,0.0,0.0,0.0,False,0
1775896938189566594,1775896937744018,1775896937744018,True,2,0.0,0.0,0.0,0.0,False,0
1775896938246109095,1775896937796018,1775896937796018,True,2,0.0,0.0,0.0,0.0,False,0
1775896938288986739,1775896937832018,1775896937832018,True,2,0.0,0.0,0.0,0.0,False,0
1775896938338345120,1775896937880018,1775896937880018,True,2,0.0,0.0,0.0,0.0,False,0
1775896938392415689,1775896937928018,1775896937928018,True,2,0.0,0.0,0.0,0.0,False,0
1775896938438323336,1775896937956018,1775896937956018,True,2,0.0,0.0,0.0,0.0,False,0
1775896938488469386,1775896938008018,1775896938008018,True,2,0.0,0.0,0.0,0.0,False,0
1775896938538888168,1775896938048018,1775896938048018,True,2,0.0,0.0,0.0,0.0,False,0
1775896938588136791,1775896938096018,1775896938096018,True,2,0.0,0.0,0.0,0.0,False,0
1775896938637909854,1775896938144018,1775896938144018,True,2,0.0,0.0,0.0,0.0,False,0
1775896938693686638,1775896938180018,1775896938180018,True,2,0.0,0.0,0.0,0.0,False,0
1775896938739718796,1775896938224018,1775896938224018,True,2,0.0,0.0,0.0,0.0,False,0
1775896938787433073,1775896938268018,1775896938268018,True,2,0.0,0.0,0.0,0.0,False,0
1775896938840606055,1775896938312018,1775896938312018,True,2,0.0,0.0,0.0,0.0,False,0
1775896938887847571,1775896938360018,1775896938360018,True,2,0.0,0.0,0.0,0.0,False,0
1775896938943309479,1775896938408018,1775896938408018,True,2,0.0,0.0,0.0,0.0,False,0
1775896938987046503,1775896938448018,1775896938448018,True,2,0.0,0.0,0.0,0.0,False,0
1775896939040187709,1775896938500018,1775896938500018,True,2,0.0,0.0,0.0,0.0,False,0
1775896939093033047,1775896938548018,1775896938548018,True,2,0.0,0.0,0.0,0.0,False,0
1775896939142758208,1775896938592018,1775896938592018,True,2,0.0,0.0,0.0,0.0,False,0
1775896939189259095,1775896938636018,1775896938636018,True,2,0.0,0.0,0.0,0.0,False,0
1775896939240881411,1775896938688018,1775896938688018,True,2,0.0,0.0,0.0,0.0,False,0
1775896939288378476,1775896938728018,1775896938728018,True,2,0.0,0.0,0.0,0.0,False,0
1775896939341257062,1775896938772018,1775896938772018,True,2,0.0,0.0,0.0,0.0,False,0
1775896939388643697,1775896938824018,1775896938824018,True,2,0.0,0.0,0.0,0.0,False,0
1775896939607473390,1775896939024018,1775896938824018,True,2,0.0,0.0,0.0,0.0,False,0
1775896939838442586,1775896939228018,1775896938824018,True,2,0.0,0.0,0.0,0.0,False,0
1775896940049699654,1775896939228018,1775896938824018,False,2,0.0,0.0,0.0,0.0,False,0
