sample_index,backend,mode,run_id,target_norm,prediction_norm,residual_norm
723,px4,OFFBOARD_ATTITUDE,20260408_054736_px4_attitude_broad_composite_r2,2.4943379661563245,2.4882829246375984,0.031384431031971464
724,px4,OFFBOARD_ATTITUDE,20260408_054736_px4_attitude_broad_composite_r2,2.4961580006685944,2.488298386442647,0.03400980664410452
725,px4,OFFBOARD_ATTITUDE,20260408_054736_px4_attitude_broad_composite_r2,2.497053796603159,2.4887245266890803,0.03433007106991602
726,px4,OFFBOARD_ATTITUDE,20260408_054736_px4_attitude_broad_composite_r2,2.4994234569832936,2.490647585982767,0.03543492861741983
727,px4,OFFBOARD_ATTITUDE,20260408_054736_px4_attitude_broad_composite_r2,2.5017580577520335,2.4915077301731827,0.03803565438049382
728,px4,OFFBOARD_ATTITUDE,20260408_054736_px4_attitude_broad_composite_r2,2.501534792016647,2.4939810206776776,0.03423447657590592
729,px4,OFFBOARD_ATTITUDE,20260408_054736_px4_attitude_broad_composite_r2,2.4986629191033507,2.4964123466399046,0.030245414870765142
730,px4,OFFBOARD_ATTITUDE,20260408_054736_px4_attitude_broad_composite_r2,2.4961654581900197,2.4962561448323366,0.030725656517944264
731,px4,OFFBOARD_ATTITUDE,20260408_054736_px4_attitude_broad_composite_r2,2.4953149732217716,2.4934185284547614,0.031727774097615326
732,px4,OFFBOARD_ATTITUDE,20260408_054736_px4_attitude_broad_composite_r2,2.4948915715700415,2.4909436953842508,0.03353860967345927
733,px4,OFFBOARD_ATTITUDE,20260408_054736_px4_attitude_broad_composite_r2,2.4944832846346188,2.4901044249351103,0.03316060174598101
734,px4,OFFBOARD_ATTITUDE,20260408_054736_px4_attitude_broad_composite_r2,2.4940365171623,2.489754148925608,0.032742652217148435
735,px4,OFFBOARD_ATTITUDE,20260408_054736_px4_attitude_broad_composite_r2,2.4937264781514417,2.4894318620123244,0.03233792052194851
736,px4,OFFBOARD_ATTITUDE,20260408_054736_px4_attitude_broad_composite_r2,2.4930077695166495,2.4891378155918695,0.031341216655241144
737,px4,OFFBOARD_ATTITUDE,20260408_054736_px4_attitude_broad_composite_r2,2.492338795430509,2.488957971476657,0.0306311856590284
738,px4,OFFBOARD_ATTITUDE,20260408_054736_px4_attitude_broad_composite_r2,2.491546183445421,2.4883838715831126,0.030163600795292626
739,px4,OFFBOARD_ATTITUDE,20260408_054736_px4_attitude_broad_composite_r2,2.4897941703260056,2.4878105923911815,0.030421033149844304
740,px4,OFFBOARD_ATTITUDE,20260408_054736_px4_attitude_broad_composite_r2,2.4878415071249593,2.4871417659663044,0.031726185929269096
741,px4,OFFBOARD_ATTITUDE,20260408_054736_px4_attitude_broad_composite_r2,2.4864145048534896,2.485487696302131,0.030985124920980097
742,px4,OFFBOARD_ATTITUDE,20260408_054736_px4_attitude_broad_composite_r2,2.4850674872286826,2.4836833393271727,0.029409928934334254
743,px4,OFFBOARD_ATTITUDE,20260408_054736_px4_attitude_broad_composite_r2,2.4839596664015504,2.4824376799595753,0.028957467164631184
744,px4,OFFBOARD_ATTITUDE,20260408_054736_px4_attitude_broad_composite_r2,2.482633618765726,2.4813036258047236,0.029814593539501617
745,px4,OFFBOARD_ATTITUDE,20260408_054736_px4_attitude_broad_composite_r2,2.4816977963013995,2.4803931917418875,0.030278229016190896
746,px4,OFFBOARD_ATTITUDE,20260408_054736_px4_attitude_broad_composite_r2,2.4810452199111768,2.4792363893123617,0.029718311015357254
747,px4,OFFBOARD_ATTITUDE,20260408_054736_px4_attitude_broad_composite_r2,2.4806154925339543,2.4784140528098004,0.030028359801887894
748,px4,OFFBOARD_ATTITUDE,20260408_054736_px4_attitude_broad_composite_r2,2.480232511022635,2.4778870271999422,0.030458933100587383
749,px4,OFFBOARD_ATTITUDE,20260408_054736_px4_attitude_broad_composite_r2,2.479682177856827,2.4775160735925845,0.030097528914280018
750,px4,OFFBOARD_ATTITUDE,20260408_054736_px4_attitude_broad_composite_r2,2.479143029777671,2.477175222947203,0.03016449532727377
751,px4,OFFBOARD_ATTITUDE,20260408_054736_px4_attitude_broad_composite_r2,2.4789010743602606,2.4766626168118595,0.030480064121947505
752,px4,OFFBOARD_ATTITUDE,20260408_054736_px4_attitude_broad_composite_r2,2.4803333303241675,2.476077875426807,0.03218611995224299
753,px4,OFFBOARD_ATTITUDE,20260408_054736_px4_attitude_broad_composite_r2,2.481756265058955,2.475780170997611,0.034033627698655554
754,px4,OFFBOARD_ATTITUDE,20260408_054736_px4_attitude_broad_composite_r2,2.4819864086824657,2.4772565307734222,0.032072521829285834
755,px4,OFFBOARD_ATTITUDE,20260408_054736_px4_attitude_broad_composite_r2,2.481799975115268,2.478746154755378,0.030037405683416812
756,px4,OFFBOARD_ATTITUDE,20260408_054736_px4_attitude_broad_composite_r2,2.481621917474508,2.4789028831834625,0.02919035433564093
757,px4,OFFBOARD_ATTITUDE,20260408_054736_px4_attitude_broad_composite_r2,2.481443981305194,2.478706018985121,0.028323903380389173
758,px4,OFFBOARD_ATTITUDE,20260408_054736_px4_attitude_broad_composite_r2,2.4814027781668657,2.4785092138345517,0.027875370757128284
759,px4,OFFBOARD_ATTITUDE,20260408_054736_px4_attitude_broad_composite_r2,2.480169048293507,2.478300404146798,0.02752909008524256
760,px4,OFFBOARD_ATTITUDE,20260408_054736_px4_attitude_broad_composite_r2,2.4785395750595303,2.4782255682690417,0.02738792962419473
761,px4,OFFBOARD_ATTITUDE,20260408_054736_px4_attitude_broad_composite_r2,2.4763578944707554,2.4771565682501184,0.02771841745220083
762,px4,OFFBOARD_ATTITUDE,20260408_054736_px4_attitude_broad_composite_r2,2.471992500338041,2.475712321449505,0.028097462973672993
763,px4,OFFBOARD_ATTITUDE,20260408_054736_px4_attitude_broad_composite_r2,2.4682133603343046,2.4737362053503147,0.028619954290119032
764,px4,OFFBOARD_ATTITUDE,20260408_054736_px4_attitude_broad_composite_r2,2.4670896957971564,2.46956216177708,0.02764551500574497
765,px4,OFFBOARD_ATTITUDE,20260408_054736_px4_attitude_broad_composite_r2,2.4671062218869753,2.4659678182089966,0.02959443778626467
766,px4,OFFBOARD_ATTITUDE,20260408_054736_px4_attitude_broad_composite_r2,2.467099959486887,2.4649341187793086,0.03077856524088708
767,px4,OFFBOARD_ATTITUDE,20260408_054736_px4_attitude_broad_composite_r2,2.4672804376365858,2.465056767356475,0.03141756859767699
768,px4,OFFBOARD_ATTITUDE,20260408_054736_px4_attitude_broad_composite_r2,2.467418738041881,2.465133747609172,0.03196651254887405
769,px4,OFFBOARD_ATTITUDE,20260408_054736_px4_attitude_broad_composite_r2,2.468015344259495,2.4652550546984457,0.032518082060166306
770,px4,OFFBOARD_ATTITUDE,20260408_054736_px4_attitude_broad_composite_r2,2.469145015265763,2.4653575885855847,0.03402198566988022
771,px4,OFFBOARD_ATTITUDE,20260408_054736_px4_attitude_broad_composite_r2,2.469988751800486,2.465894504803899,0.03428261139075169
772,px4,OFFBOARD_ATTITUDE,20260408_054736_px4_attitude_broad_composite_r2,2.469208863629119,2.467020341818848,0.03180256885009097
773,px4,OFFBOARD_ATTITUDE,20260408_054736_px4_attitude_broad_composite_r2,2.4685462453194233,2.4678343836788192,0.0303842314121703
774,px4,OFFBOARD_ATTITUDE,20260408_054736_px4_attitude_broad_composite_r2,2.468736271485821,2.4671516745603506,0.031266601319093014
775,px4,OFFBOARD_ATTITUDE,20260408_054736_px4_attitude_broad_composite_r2,2.469808765130491,2.4665672142122435,0.03335267238682716
776,px4,OFFBOARD_ATTITUDE,20260408_054736_px4_attitude_broad_composite_r2,2.4706434871017495,2.466853981837082,0.033932435620981166
777,px4,OFFBOARD_ATTITUDE,20260408_054736_px4_attitude_broad_composite_r2,2.4720874419217655,2.468046599599824,0.03514770449851811
778,px4,OFFBOARD_ATTITUDE,20260408_054736_px4_attitude_broad_composite_r2,2.4735521499023254,2.468943496051366,0.03709275954108118
779,px4,OFFBOARD_ATTITUDE,20260408_054736_px4_attitude_broad_composite_r2,2.474362293123658,2.470353983941797,0.03577599377176697
780,px4,OFFBOARD_ATTITUDE,20260408_054736_px4_attitude_broad_composite_r2,2.473499742815491,2.4718193435980464,0.03206820399376967
781,px4,OFFBOARD_ATTITUDE,20260408_054736_px4_attitude_broad_composite_r2,2.4727659299688547,2.472584674700093,0.030557720990969307
782,px4,OFFBOARD_ATTITUDE,20260408_054736_px4_attitude_broad_composite_r2,2.472577575927787,2.471780837680868,0.03107088731317387
783,px4,OFFBOARD_ATTITUDE,20260408_054736_px4_attitude_broad_composite_r2,2.4727199660943837,2.4711092033185937,0.032213683266936945
784,px4,OFFBOARD_ATTITUDE,20260408_054736_px4_attitude_broad_composite_r2,2.4734237710680573,2.4709417515475973,0.03305448496935203
785,px4,OFFBOARD_ATTITUDE,20260408_054736_px4_attitude_broad_composite_r2,2.4768292793596873,2.471116458027721,0.037244887552409074
786,px4,OFFBOARD_ATTITUDE,20260408_054736_px4_attitude_broad_composite_r2,2.479846748981423,2.4718472885103244,0.04100169780756458
787,px4,OFFBOARD_ATTITUDE,20260408_054736_px4_attitude_broad_composite_r2,2.483340476279337,2.4751762619028215,0.0408848749096426
788,px4,OFFBOARD_ATTITUDE,20260408_054736_px4_attitude_broad_composite_r2,2.4877590523887525,2.4781306541345134,0.04295387191725125
789,px4,OFFBOARD_ATTITUDE,20260408_054736_px4_attitude_broad_composite_r2,2.4909188175359303,2.4816522827654155,0.042168393606065266
790,px4,OFFBOARD_ATTITUDE,20260408_054736_px4_attitude_broad_composite_r2,2.492474167597545,2.4862185908328476,0.03805143865087649
791,px4,OFFBOARD_ATTITUDE,20260408_054736_px4_attitude_broad_composite_r2,2.493879961823456,2.489518980558906,0.036427414211114104
792,px4,OFFBOARD_ATTITUDE,20260408_054736_px4_attitude_broad_composite_r2,2.4946933930792907,2.491269066153972,0.034060400334149865
793,px4,OFFBOARD_ATTITUDE,20260408_054736_px4_attitude_broad_composite_r2,2.494809257438789,2.4927899440642753,0.026778662783694607
794,px4,OFFBOARD_ATTITUDE,20260408_054736_px4_attitude_broad_composite_r2,2.494990013676272,2.4935530562458252,0.04977887354406682
795,px4,OFFBOARD_ATTITUDE,20260408_054736_px4_attitude_broad_composite_r2,2.4974430676134145,2.4921262415406225,0.11343407740611625
796,px4,OFFBOARD_ATTITUDE,20260408_054736_px4_attitude_broad_composite_r2,2.5026681351602793,2.489090598092243,0.1702478951202829
797,px4,OFFBOARD_ATTITUDE,20260408_054736_px4_attitude_broad_composite_r2,2.5110443794437125,2.4838868784286907,0.217838930902434
798,px4,OFFBOARD_ATTITUDE,20260408_054736_px4_attitude_broad_composite_r2,2.5170024760258443,2.478906372392188,0.2055387550429117
799,px4,OFFBOARD_ATTITUDE,20260408_054736_px4_attitude_broad_composite_r2,2.520617878245706,2.4764182468284415,0.15612935225695873
800,px4,OFFBOARD_ATTITUDE,20260408_054736_px4_attitude_broad_composite_r2,2.522072422799732,2.476317284621195,0.1264156799336199
801,px4,OFFBOARD_ATTITUDE,20260408_054736_px4_attitude_broad_composite_r2,2.520076389361749,2.4782276106606855,0.10613475833303103
802,px4,OFFBOARD_ATTITUDE,20260408_054736_px4_attitude_broad_composite_r2,2.5148860563623434,2.480682996504353,0.08301385160569769
803,px4,OFFBOARD_ATTITUDE,20260408_054736_px4_attitude_broad_composite_r2,2.508110894646712,2.480613546771047,0.05603906891066082
804,px4,OFFBOARD_ATTITUDE,20260408_054736_px4_attitude_broad_composite_r2,2.4982850749398007,2.47731068301189,0.042296409305077526
805,px4,OFFBOARD_ATTITUDE,20260408_054736_px4_attitude_broad_composite_r2,2.4865699150587974,2.4718366795006204,0.034915333543527084
806,px4,OFFBOARD_ATTITUDE,20260408_054736_px4_attitude_broad_composite_r2,2.4738537828185336,2.4636673576032972,0.02712852964400426
807,px4,OFFBOARD_ATTITUDE,20260408_054736_px4_attitude_broad_composite_r2,2.460526210411068,2.4535420814014577,0.021104845611946234
808,px4,OFFBOARD_ATTITUDE,20260408_054736_px4_attitude_broad_composite_r2,2.447989961630176,2.4425501913723027,0.016477174794469824
809,px4,OFFBOARD_ATTITUDE,20260408_054736_px4_attitude_broad_composite_r2,2.435323924881297,2.431209372763811,0.02022531271945713
810,px4,OFFBOARD_ATTITUDE,20260408_054736_px4_attitude_broad_composite_r2,2.4247624003347035,2.4204471472508553,0.02221093671067775
811,px4,OFFBOARD_ATTITUDE,20260408_054736_px4_attitude_broad_composite_r2,2.412430131247562,2.4097351186711076,0.022111686474565153
812,px4,OFFBOARD_ATTITUDE,20260408_054736_px4_attitude_broad_composite_r2,2.402398051764751,2.400740507418081,0.02378219107830457
813,px4,OFFBOARD_ATTITUDE,20260408_054736_px4_attitude_broad_composite_r2,2.388202216307096,2.3904555301418418,0.02991145158398741
814,px4,OFFBOARD_ATTITUDE,20260408_054736_px4_attitude_broad_composite_r2,2.3760781769591315,2.3820149971530133,0.036273724247517035
815,px4,OFFBOARD_ATTITUDE,20260408_054736_px4_attitude_broad_composite_r2,2.364290098234931,2.369934339335795,0.03676194697240236
816,px4,OFFBOARD_ATTITUDE,20260408_054736_px4_attitude_broad_composite_r2,2.3539789568794056,2.3594908042880927,0.03876098540046126
817,px4,OFFBOARD_ATTITUDE,20260408_054736_px4_attitude_broad_composite_r2,2.3429280784072266,2.3491980571225435,0.04236302927643309
818,px4,OFFBOARD_ATTITUDE,20260408_054736_px4_attitude_broad_composite_r2,2.332984039109667,2.340448389915725,0.04307140166820676
819,px4,OFFBOARD_ATTITUDE,20260408_054736_px4_attitude_broad_composite_r2,2.326271592232962,2.331185365780484,0.03796023959655128
820,px4,OFFBOARD_ATTITUDE,20260408_054736_px4_attitude_broad_composite_r2,2.318594462744316,2.323120500348669,0.03820666759574823
821,px4,OFFBOARD_ATTITUDE,20260408_054736_px4_attitude_broad_composite_r2,2.310988483169645,2.3177707412320987,0.04093465865071392
822,px4,OFFBOARD_ATTITUDE,20260408_054736_px4_attitude_broad_composite_r2,2.303813602280576,2.311690121067048,0.04410103405258685
823,px4,OFFBOARD_ATTITUDE,20260408_054736_px4_attitude_broad_composite_r2,2.2958045660779454,2.3058566339480393,0.05129635174520042
824,px4,OFFBOARD_ATTITUDE,20260408_054736_px4_attitude_broad_composite_r2,2.2894811232619756,2.300292782218614,0.05467026699883891
825,px4,OFFBOARD_ATTITUDE,20260408_054736_px4_attitude_broad_composite_r2,2.283345923690431,2.2940753954541244,0.053559536832506034
826,px4,OFFBOARD_ATTITUDE,20260408_054736_px4_attitude_broad_composite_r2,2.2774501108079055,2.2891712918633553,0.05577998728556011
827,px4,OFFBOARD_ATTITUDE,20260408_054736_px4_attitude_broad_composite_r2,2.27156852288052,2.2842875505095206,0.05988174971959796
828,px4,OFFBOARD_ATTITUDE,20260408_054736_px4_attitude_broad_composite_r2,2.2674931190285292,2.2796223367593913,0.05705130845516496
829,px4,OFFBOARD_ATTITUDE,20260408_054736_px4_attitude_broad_composite_r2,2.2645620602436214,2.2750066990666435,0.049992236985983256
830,px4,OFFBOARD_ATTITUDE,20260408_054736_px4_attitude_broad_composite_r2,2.261293100930478,2.27158918152349,0.04908248303696308
831,px4,OFFBOARD_ATTITUDE,20260408_054736_px4_attitude_broad_composite_r2,2.2584791218980516,2.2689397018107633,0.050750228818786686
832,px4,OFFBOARD_ATTITUDE,20260408_054736_px4_attitude_broad_composite_r2,2.2556604778335205,2.2659500984022136,0.05216410438851233
833,px4,OFFBOARD_ATTITUDE,20260408_054736_px4_attitude_broad_composite_r2,2.253647121190532,2.2634126966924843,0.05131341978632271
834,px4,OFFBOARD_ATTITUDE,20260408_054736_px4_attitude_broad_composite_r2,2.2521745037768675,2.261022870633613,0.049953183715883434
835,px4,OFFBOARD_ATTITUDE,20260408_054736_px4_attitude_broad_composite_r2,2.251131113743321,2.2593447989209836,0.04938195707073929
836,px4,OFFBOARD_ATTITUDE,20260408_054736_px4_attitude_broad_composite_r2,2.250345228769956,2.258147223918697,0.04826707261549371
837,px4,OFFBOARD_ATTITUDE,20260408_054736_px4_attitude_broad_composite_r2,2.249941211776634,2.257528708706622,0.047819489598968354
838,px4,OFFBOARD_ATTITUDE,20260408_054736_px4_attitude_broad_composite_r2,2.2497352038437572,2.257463094809403,0.0471771539774118
839,px4,OFFBOARD_ATTITUDE,20260408_054736_px4_attitude_broad_composite_r2,2.2494800578357923,2.257728522532018,0.047566681041021186
840,px4,OFFBOARD_ATTITUDE,20260408_054736_px4_attitude_broad_composite_r2,2.2493256844080887,2.258293848103881,0.04875946295889221
841,px4,OFFBOARD_ATTITUDE,20260408_054736_px4_attitude_broad_composite_r2,2.249621074346391,2.2587144004843207,0.05046778789999291
842,px4,OFFBOARD_ATTITUDE,20260408_054736_px4_attitude_broad_composite_r2,2.249894733334003,2.2592907149015358,0.05206386081501335
843,px4,OFFBOARD_ATTITUDE,20260408_054736_px4_attitude_broad_composite_r2,2.2502190639483257,2.2604415567609575,0.051805581644300554
844,px4,OFFBOARD_ATTITUDE,20260408_054736_px4_attitude_broad_composite_r2,2.2510624937783916,2.2611836158739087,0.053263244758713135
845,px4,OFFBOARD_ATTITUDE,20260408_054736_px4_attitude_broad_composite_r2,2.2521340267561825,2.261517270943889,0.05751171993444102
846,px4,OFFBOARD_ATTITUDE,20260408_054736_px4_attitude_broad_composite_r2,2.252717247117132,2.261865207019983,0.059445266087387434
847,px4,OFFBOARD_ATTITUDE,20260408_054736_px4_attitude_broad_composite_r2,2.2530959289606627,2.262273459535374,0.0565039644270959
848,px4,OFFBOARD_ATTITUDE,20260408_054736_px4_attitude_broad_composite_r2,2.2538301551852378,2.262122349644803,0.055578724654748085
849,px4,OFFBOARD_ATTITUDE,20260408_054736_px4_attitude_broad_composite_r2,2.255511591680329,2.261950442851967,0.05513050967944579
850,px4,OFFBOARD_ATTITUDE,20260408_054736_px4_attitude_broad_composite_r2,2.2576454347422112,2.262137937514164,0.05438909322606789
851,px4,OFFBOARD_ATTITUDE,20260408_054736_px4_attitude_broad_composite_r2,2.258581353782342,2.263543319924497,0.05355554166728065
852,px4,OFFBOARD_ATTITUDE,20260408_054736_px4_attitude_broad_composite_r2,2.2587719407063673,2.2654193765076984,0.053217974927239904
853,px4,OFFBOARD_ATTITUDE,20260408_054736_px4_attitude_broad_composite_r2,2.2594607662169888,2.2661624706951917,0.05054410849172184
854,px4,OFFBOARD_ATTITUDE,20260408_054736_px4_attitude_broad_composite_r2,2.2598991896349427,2.2662077528383646,0.046876332376847525
855,px4,OFFBOARD_ATTITUDE,20260408_054736_px4_attitude_broad_composite_r2,2.2605086137313433,2.266791408386953,0.043236982540579234
856,px4,OFFBOARD_ATTITUDE,20260408_054736_px4_attitude_broad_composite_r2,2.2617199868589726,2.2670414375402426,0.03735902169845601
857,px4,OFFBOARD_ATTITUDE,20260408_054736_px4_attitude_broad_composite_r2,2.2634892060088943,2.267665731605253,0.032706280666590884
858,px4,OFFBOARD_ATTITUDE,20260408_054736_px4_attitude_broad_composite_r2,2.2654039899633647,2.268945143833625,0.03020835268292648
859,px4,OFFBOARD_ATTITUDE,20260408_054736_px4_attitude_broad_composite_r2,2.2677673726800385,2.2708681000126787,0.029766085365073344
860,px4,OFFBOARD_ATTITUDE,20260408_054736_px4_attitude_broad_composite_r2,2.269929410339603,2.2729922718954185,0.030611557777641445
861,px4,OFFBOARD_ATTITUDE,20260408_054736_px4_attitude_broad_composite_r2,2.2717965225970707,2.2756136725342846,0.03142738163060515
862,px4,OFFBOARD_ATTITUDE,20260408_054736_px4_attitude_broad_composite_r2,2.2739012289433487,2.278042355837283,0.031478721674570276
863,px4,OFFBOARD_ATTITUDE,20260408_054736_px4_attitude_broad_composite_r2,2.2761002095891367,2.2801771624056912,0.03127806028921704
864,px4,OFFBOARD_ATTITUDE,20260408_054736_px4_attitude_broad_composite_r2,2.2788099859813857,2.282571008248038,0.0311382780185022
865,px4,OFFBOARD_ATTITUDE,20260408_054736_px4_attitude_broad_composite_r2,2.2812272951090344,2.2850302016852764,0.03165370334024955
866,px4,OFFBOARD_ATTITUDE,20260408_054736_px4_attitude_broad_composite_r2,2.2835284241863247,2.288020556628642,0.032470979460308025
867,px4,OFFBOARD_ATTITUDE,20260408_054736_px4_attitude_broad_composite_r2,2.2848624680607474,2.2906762082132555,0.03476614540907999
868,px4,OFFBOARD_ATTITUDE,20260408_054736_px4_attitude_broad_composite_r2,2.2859567660846447,2.293197634259649,0.03617799062757158
869,px4,OFFBOARD_ATTITUDE,20260408_054736_px4_attitude_broad_composite_r2,2.2863556043843554,2.2945993397004467,0.03692737998070213
870,px4,OFFBOARD_ATTITUDE,20260408_054736_px4_attitude_broad_composite_r2,2.2856750387564135,2.295708913019941,0.04027406800994086
871,px4,OFFBOARD_ATTITUDE,20260408_054736_px4_attitude_broad_composite_r2,2.2855249394082837,2.2959224547642427,0.03955636283328392
872,px4,OFFBOARD_ATTITUDE,20260408_054736_px4_attitude_broad_composite_r2,2.285885892031208,2.2951023394042753,0.034524950439307915
873,px4,OFFBOARD_ATTITUDE,20260408_054736_px4_attitude_broad_composite_r2,2.2869052693526126,2.2947289109103273,0.030066070946584436
874,px4,OFFBOARD_ATTITUDE,20260408_054736_px4_attitude_broad_composite_r2,2.288054593812179,2.294876326134545,0.028163357599212926
875,px4,OFFBOARD_ATTITUDE,20260408_054736_px4_attitude_broad_composite_r2,2.2892198161453745,2.2957728247666433,0.029148269807957313
876,px4,OFFBOARD_ATTITUDE,20260408_054736_px4_attitude_broad_composite_r2,2.2906474509410257,2.2967678368130136,0.029274074393793967
877,px4,OFFBOARD_ATTITUDE,20260408_054736_px4_attitude_broad_composite_r2,2.2929558913273445,2.2976634460534378,0.029118218254531765
878,px4,OFFBOARD_ATTITUDE,20260408_054736_px4_attitude_broad_composite_r2,2.2951423319618933,2.2989660035775015,0.030323019615308158
879,px4,OFFBOARD_ATTITUDE,20260408_054736_px4_attitude_broad_composite_r2,2.297654738060615,2.3012211210332882,0.030822399059436283
880,px4,OFFBOARD_ATTITUDE,20260408_054736_px4_attitude_broad_composite_r2,2.3002363019842966,2.3035266563716172,0.03171753311155776
881,px4,OFFBOARD_ATTITUDE,20260408_054736_px4_attitude_broad_composite_r2,2.303190155059007,2.306333152033094,0.03340543501660685
882,px4,OFFBOARD_ATTITUDE,20260408_054736_px4_attitude_broad_composite_r2,2.3043184312334533,2.3092120414879496,0.03865457086200424
883,px4,OFFBOARD_ATTITUDE,20260408_054736_px4_attitude_broad_composite_r2,2.304885773956987,2.3123281008104164,0.04318121583644763
884,px4,OFFBOARD_ATTITUDE,20260408_054736_px4_attitude_broad_composite_r2,2.305687350459356,2.313624574577622,0.04209531842532912
885,px4,OFFBOARD_ATTITUDE,20260408_054736_px4_attitude_broad_composite_r2,2.3060853552752363,2.314354494484131,0.041244758792844935
886,px4,OFFBOARD_ATTITUDE,20260408_054736_px4_attitude_broad_composite_r2,2.3071336942066125,2.315388656606913,0.03972399202318616
887,px4,OFFBOARD_ATTITUDE,20260408_054736_px4_attitude_broad_composite_r2,2.3078245322331434,2.316005880968786,0.037913787736459446
888,px4,OFFBOARD_ATTITUDE,20260408_054736_px4_attitude_broad_composite_r2,2.3084240053710485,2.317375750917424,0.03850547512552595
889,px4,OFFBOARD_ATTITUDE,20260408_054736_px4_attitude_broad_composite_r2,2.3094290299402287,2.3183275798646084,0.03713798955945274
890,px4,OFFBOARD_ATTITUDE,20260408_054736_px4_attitude_broad_composite_r2,2.311337585897475,2.319162982779857,0.03503570522097558
891,px4,OFFBOARD_ATTITUDE,20260408_054736_px4_attitude_broad_composite_r2,2.313630799527106,2.3203697670928194,0.03491385210858161
892,px4,OFFBOARD_ATTITUDE,20260408_054736_px4_attitude_broad_composite_r2,2.315573839567328,2.322250568296235,0.034926316715512835
893,px4,OFFBOARD_ATTITUDE,20260408_054736_px4_attitude_broad_composite_r2,2.317448831095216,2.324460855668682,0.03548883232969862
894,px4,OFFBOARD_ATTITUDE,20260408_054736_px4_attitude_broad_composite_r2,2.319332498663355,2.3264519117737112,0.03672636246286719
895,px4,OFFBOARD_ATTITUDE,20260408_054736_px4_attitude_broad_composite_r2,2.3232624774790107,2.3284474366911936,0.03654542371342287
896,px4,OFFBOARD_ATTITUDE,20260408_054736_px4_attitude_broad_composite_r2,2.3265347073833955,2.3304806585752167,0.03871307344358355
897,px4,OFFBOARD_ATTITUDE,20260408_054736_px4_attitude_broad_composite_r2,2.3296291071744832,2.3347194891822642,0.042226637418842236
898,px4,OFFBOARD_ATTITUDE,20260408_054736_px4_attitude_broad_composite_r2,2.3324808645729496,2.3381281471203925,0.04565451661369128
899,px4,OFFBOARD_ATTITUDE,20260408_054736_px4_attitude_broad_composite_r2,2.334606382545289,2.3411630045053866,0.04713425288610174
900,px4,OFFBOARD_ATTITUDE,20260408_054736_px4_attitude_broad_composite_r2,2.3378493255791692,2.343736014995894,0.04997556629550809
901,px4,OFFBOARD_ATTITUDE,20260408_054736_px4_attitude_broad_composite_r2,2.340559400995097,2.3454140593553308,0.0525174667425354
902,px4,OFFBOARD_ATTITUDE,20260408_054736_px4_attitude_broad_composite_r2,2.343396058323012,2.348216294148553,0.05083312368242525
903,px4,OFFBOARD_ATTITUDE,20260408_054736_px4_attitude_broad_composite_r2,2.3467249479383825,2.35044716166259,0.05109634996764958
904,px4,OFFBOARD_ATTITUDE,20260408_054736_px4_attitude_broad_composite_r2,2.3503437575397257,2.3526751338922014,0.05304886344946954
905,px4,OFFBOARD_ATTITUDE,20260408_054736_px4_attitude_broad_composite_r2,2.3523879584973306,2.355304975239949,0.051731115634171154
906,px4,OFFBOARD_ATTITUDE,20260408_054736_px4_attitude_broad_composite_r2,2.354184618129103,2.357719490401332,0.04726091896367103
907,px4,OFFBOARD_ATTITUDE,20260408_054736_px4_attitude_broad_composite_r2,2.356046293161753,2.358445357876108,0.04296316717095662
908,px4,OFFBOARD_ATTITUDE,20260408_054736_px4_attitude_broad_composite_r2,2.3581796237764956,2.3584720314522167,0.0360805524582094
909,px4,OFFBOARD_ATTITUDE,20260408_054736_px4_attitude_broad_composite_r2,2.3608725630743046,2.3585059144237746,0.033677033804917315
910,px4,OFFBOARD_ATTITUDE,20260408_054736_px4_attitude_broad_composite_r2,2.3624435621545494,2.359070088255994,0.03428450598258256
911,px4,OFFBOARD_ATTITUDE,20260408_054736_px4_attitude_broad_composite_r2,2.3636406167965833,2.359844989337068,0.032204392333396954
912,px4,OFFBOARD_ATTITUDE,20260408_054736_px4_attitude_broad_composite_r2,2.364781435281367,2.3598103716682792,0.029952796942819028
913,px4,OFFBOARD_ATTITUDE,20260408_054736_px4_attitude_broad_composite_r2,2.367932111131172,2.359880081536964,0.02768171137947712
914,px4,OFFBOARD_ATTITUDE,20260408_054736_px4_attitude_broad_composite_r2,2.3703786076515074,2.360269424155828,0.02675010736011133
915,px4,OFFBOARD_ATTITUDE,20260408_054736_px4_attitude_broad_composite_r2,2.372155247650049,2.3631071316847225,0.025258094694842942
916,px4,OFFBOARD_ATTITUDE,20260408_054736_px4_attitude_broad_composite_r2,2.373410624024617,2.365325987692669,0.024688703923839123
917,px4,OFFBOARD_ATTITUDE,20260408_054736_px4_attitude_broad_composite_r2,2.3743740287229818,2.3667721967916275,0.022659170087747448
918,px4,OFFBOARD_ATTITUDE,20260408_054736_px4_attitude_broad_composite_r2,2.376593587297289,2.3675160235081565,0.02042261449085485
919,px4,OFFBOARD_ATTITUDE,20260408_054736_px4_attitude_broad_composite_r2,2.3783636017128833,2.3680347666806423,0.019752114305764887
920,px4,OFFBOARD_ATTITUDE,20260408_054736_px4_attitude_broad_composite_r2,2.379680636316105,2.3696159925025517,0.01842570821359951
921,px4,OFFBOARD_ATTITUDE,20260408_054736_px4_attitude_broad_composite_r2,2.3802235359781916,2.370919534243529,0.01711800214052636
922,px4,OFFBOARD_ATTITUDE,20260408_054736_px4_attitude_broad_composite_r2,2.3807661880621582,2.3717258540072605,0.016746295324288195
923,px4,OFFBOARD_ATTITUDE,20260408_054736_px4_attitude_broad_composite_r2,2.380475188390872,2.37175205416293,0.016136747890021615
924,px4,OFFBOARD_ATTITUDE,20260408_054736_px4_attitude_broad_composite_r2,2.379982520042509,2.3719320423953305,0.01562914488305806
925,px4,OFFBOARD_ATTITUDE,20260408_054736_px4_attitude_broad_composite_r2,2.3798852571450184,2.37143020368953,0.03340287338223238
926,px4,OFFBOARD_ATTITUDE,20260408_054736_px4_attitude_broad_composite_r2,2.383843316554077,2.3707914805858543,0.1441471138923778
927,px4,OFFBOARD_ATTITUDE,20260408_054736_px4_attitude_broad_composite_r2,2.388281017673549,2.3719358803411135,0.18435426867429214
928,px4,OFFBOARD_ATTITUDE,20260408_054736_px4_attitude_broad_composite_r2,2.3856415298112985,2.372831185021983,0.07751408061628663
929,px4,OFFBOARD_ATTITUDE,20260408_054736_px4_attitude_broad_composite_r2,2.381332110218237,2.3757858397697267,0.09173158478554909
930,px4,OFFBOARD_ATTITUDE,20260408_054736_px4_attitude_broad_composite_r2,2.379525251946441,2.3758144101372802,0.13379458352393872
931,px4,OFFBOARD_ATTITUDE,20260408_054736_px4_attitude_broad_composite_r2,2.3780281585832634,2.3721953144784207,0.1284262453512337
932,px4,OFFBOARD_ATTITUDE,20260408_054736_px4_attitude_broad_composite_r2,2.3749881102379224,2.3602090778583364,0.09412188158117246
933,px4,OFFBOARD_ATTITUDE,20260408_054736_px4_attitude_broad_composite_r2,2.3691209268871583,2.3564193799375963,0.07049091170038803
934,px4,OFFBOARD_ATTITUDE,20260408_054736_px4_attitude_broad_composite_r2,2.3632176120569386,2.352909602191472,0.08118863758673044
935,px4,OFFBOARD_ATTITUDE,20260408_054736_px4_attitude_broad_composite_r2,2.353132000867897,2.3456218743405475,0.08820828533828078
936,px4,OFFBOARD_ATTITUDE,20260408_054736_px4_attitude_broad_composite_r2,2.3446966738962556,2.3382277933904403,0.07887454440111474
937,px4,OFFBOARD_ATTITUDE,20260408_054736_px4_attitude_broad_composite_r2,2.3340208765935944,2.326400377904115,0.06580325553530199
938,px4,OFFBOARD_ATTITUDE,20260408_054736_px4_attitude_broad_composite_r2,2.3178030546166446,2.3158837863486648,0.05884053531654183
939,px4,OFFBOARD_ATTITUDE,20260408_054736_px4_attitude_broad_composite_r2,2.2841360950522795,2.303027112352695,0.09059895862882521
940,px4,OFFBOARD_ATTITUDE,20260408_054736_px4_attitude_broad_composite_r2,2.2270755840810073,2.2797822250188204,0.16381933037437812
941,px4,OFFBOARD_ATTITUDE,20260408_054736_px4_attitude_broad_composite_r2,2.1722797981494124,2.225225541012021,0.16348140502537392
942,px4,OFFBOARD_ATTITUDE,20260408_054736_px4_attitude_broad_composite_r2,2.092651421467767,2.1390935609616992,0.14858380833200824
943,px4,OFFBOARD_ATTITUDE,20260408_054736_px4_attitude_broad_composite_r2,1.9933712842739135,2.0565317139002937,0.15228152463996036
944,px4,OFFBOARD_ATTITUDE,20260408_054736_px4_attitude_broad_composite_r2,1.8813405573416953,1.9382852600185525,0.11619599265029737
945,px4,OFFBOARD_ATTITUDE,20260408_054736_px4_attitude_broad_composite_r2,1.736342168933002,1.7997658449685796,0.08173352712584621
946,px4,OFFBOARD_ATTITUDE,20260408_054736_px4_attitude_broad_composite_r2,1.6011364946699393,1.6622628177646552,0.10821431036963187
947,px4,OFFBOARD_ATTITUDE,20260408_054736_px4_attitude_broad_composite_r2,1.4670527100536106,1.509341561919035,0.09679997211148257
948,px4,OFFBOARD_ATTITUDE,20260408_054736_px4_attitude_broad_composite_r2,1.3431481156753626,1.3761882100809721,0.07512622055508257
949,px4,OFFBOARD_ATTITUDE,20260408_054736_px4_attitude_broad_composite_r2,1.227444336548881,1.2500542942401376,0.06458654830198562
950,px4,OFFBOARD_ATTITUDE,20260408_054736_px4_attitude_broad_composite_r2,1.0962141932250755,1.1241714416209612,0.09787356776578218
951,px4,OFFBOARD_ATTITUDE,20260408_054736_px4_attitude_broad_composite_r2,0.9909937464990012,1.0291240743220325,0.09652257485050054
952,px4,OFFBOARD_ATTITUDE,20260408_054736_px4_attitude_broad_composite_r2,0.8934006886281624,0.8994621615448414,0.08067263466026392
953,px4,OFFBOARD_ATTITUDE,20260408_054736_px4_attitude_broad_composite_r2,0.8165565109761987,0.817437729781333,0.07441626625029664
954,px4,OFFBOARD_ATTITUDE,20260408_054736_px4_attitude_broad_composite_r2,0.7502071829059677,0.7514619360429929,0.06214098483049512
955,px4,OFFBOARD_ATTITUDE,20260408_054736_px4_attitude_broad_composite_r2,0.7128358593447541,0.7187422068681423,0.029052571965241022
956,px4,OFFBOARD_ATTITUDE,20260408_054736_px4_attitude_broad_composite_r2,0.694709609940236,0.7168222173983737,0.04733834139435347
957,px4,OFFBOARD_ATTITUDE,20260408_054736_px4_attitude_broad_composite_r2,0.6945626360948447,0.7357778809783573,0.0773467919128197
958,px4,OFFBOARD_ATTITUDE,20260408_054736_px4_attitude_broad_composite_r2,0.7124572338317439,0.7567758889825994,0.07788640410766967
959,px4,OFFBOARD_ATTITUDE,20260408_054736_px4_attitude_broad_composite_r2,0.7407281254268949,0.7715371569672143,0.06200517669432655
960,px4,OFFBOARD_ATTITUDE,20260408_054736_px4_attitude_broad_composite_r2,0.7689138103585349,0.7867270867615911,0.04309357829452654
961,px4,OFFBOARD_ATTITUDE,20260408_054736_px4_attitude_broad_composite_r2,0.7993840120681445,0.8048307649505181,0.039079374882462575
962,px4,OFFBOARD_ATTITUDE,20260408_054736_px4_attitude_broad_composite_r2,0.825031897308182,0.822186261015216,0.05703448923609659
963,px4,OFFBOARD_ATTITUDE,20260408_054736_px4_attitude_broad_composite_r2,0.8528519676519751,0.8453835842639393,0.07031218788627798
964,px4,OFFBOARD_ATTITUDE,20260408_054736_px4_attitude_broad_composite_r2,0.872857272282861,0.8653551254568684,0.07394853523861891
965,px4,OFFBOARD_ATTITUDE,20260408_054736_px4_attitude_broad_composite_r2,0.8897059543200914,0.8895739819758829,0.07392972782326267
966,px4,OFFBOARD_ATTITUDE,20260408_054736_px4_attitude_broad_composite_r2,0.9061568307428135,0.9081450757482512,0.07321640886087258
967,px4,OFFBOARD_ATTITUDE,20260408_054736_px4_attitude_broad_composite_r2,0.9218519170362581,0.9235979853043353,0.07340290382400208
968,px4,OFFBOARD_ATTITUDE,20260408_054736_px4_attitude_broad_composite_r2,0.9409581772146877,0.9387610504709912,0.07803052983695499
969,px4,OFFBOARD_ATTITUDE,20260408_054736_px4_attitude_broad_composite_r2,0.954542959919636,0.9534056482533845,0.08452879350953556
970,px4,OFFBOARD_ATTITUDE,20260408_054736_px4_attitude_broad_composite_r2,0.9664479419072725,0.9701933342411104,0.0797362803554248
971,px4,OFFBOARD_ATTITUDE,20260408_054736_px4_attitude_broad_composite_r2,0.9780409610893284,0.9841690821434042,0.07280893431944625
972,px4,OFFBOARD_ATTITUDE,20260408_054736_px4_attitude_broad_composite_r2,0.9904513551970177,0.9954091227004742,0.07190343158507083
973,px4,OFFBOARD_ATTITUDE,20260408_054736_px4_attitude_broad_composite_r2,0.9999104962796241,1.005997694965327,0.06180624056660722
974,px4,OFFBOARD_ATTITUDE,20260408_054736_px4_attitude_broad_composite_r2,1.0113122780225432,1.020018658170832,0.056172220971596167
975,px4,OFFBOARD_ATTITUDE,20260408_054736_px4_attitude_broad_composite_r2,1.0231374131234596,1.0290371960005953,0.06092676375751798
976,px4,OFFBOARD_ATTITUDE,20260408_054736_px4_attitude_broad_composite_r2,1.0365300600278409,1.0418762453407582,0.05918244394186862
977,px4,OFFBOARD_ATTITUDE,20260408_054736_px4_attitude_broad_composite_r2,1.0536537132345123,1.0585871858540683,0.06800243828329332
978,px4,OFFBOARD_ATTITUDE,20260408_054736_px4_attitude_broad_composite_r2,1.07129497284017,1.0754347516892415,0.06655835961985956
979,px4,OFFBOARD_ATTITUDE,20260408_054736_px4_attitude_broad_composite_r2,1.0910892173342877,1.0983014629220291,0.06362892831761778
980,px4,OFFBOARD_ATTITUDE,20260408_054736_px4_attitude_broad_composite_r2,1.109072287894045,1.1208195267012921,0.0625207328112504
981,px4,OFFBOARD_ATTITUDE,20260408_054736_px4_attitude_broad_composite_r2,1.1287372199147367,1.1452181624343856,0.06260874167296959
982,px4,OFFBOARD_ATTITUDE,20260408_054736_px4_attitude_broad_composite_r2,1.15600462770322,1.1673098921287965,0.06417457918248322
983,px4,OFFBOARD_ATTITUDE,20260408_054736_px4_attitude_broad_composite_r2,1.1913028436253912,1.1903631128940722,0.0641867221204153
984,px4,OFFBOARD_ATTITUDE,20260408_054736_px4_attitude_broad_composite_r2,1.2224658243674662,1.2207901725246144,0.0639341963019353
985,px4,OFFBOARD_ATTITUDE,20260408_054736_px4_attitude_broad_composite_r2,1.2536954620317395,1.2585511355325212,0.06272109052884364
986,px4,OFFBOARD_ATTITUDE,20260408_054736_px4_attitude_broad_composite_r2,1.2845618917545425,1.2897375372200706,0.05873491465992631
987,px4,OFFBOARD_ATTITUDE,20260408_054736_px4_attitude_broad_composite_r2,1.310157933705359,1.3190561919385384,0.05432987111252615
988,px4,OFFBOARD_ATTITUDE,20260408_054736_px4_attitude_broad_composite_r2,1.345538670293428,1.3473768556330454,0.049191861989643745
989,px4,OFFBOARD_ATTITUDE,20260408_054736_px4_attitude_broad_composite_r2,1.3738545654599108,1.3696524920739137,0.04633233606305291
990,px4,OFFBOARD_ATTITUDE,20260408_054736_px4_attitude_broad_composite_r2,1.4000724385785788,1.4003505767309108,0.04318438388505306
991,px4,OFFBOARD_ATTITUDE,20260408_054736_px4_attitude_broad_composite_r2,1.4240698626168469,1.4234215060566913,0.04337197500541771
992,px4,OFFBOARD_ATTITUDE,20260408_054736_px4_attitude_broad_composite_r2,1.4509882230520188,1.4435404850002758,0.04547004880141062
993,px4,OFFBOARD_ATTITUDE,20260408_054736_px4_attitude_broad_composite_r2,1.4734846562081882,1.4617245977939015,0.04628898824009682
994,px4,OFFBOARD_ATTITUDE,20260408_054736_px4_attitude_broad_composite_r2,1.4906377436458418,1.4825046168312153,0.040799265450890396
995,px4,OFFBOARD_ATTITUDE,20260408_054736_px4_attitude_broad_composite_r2,1.5100385023103764,1.5001684361394072,0.04151804230776951
996,px4,OFFBOARD_ATTITUDE,20260408_054736_px4_attitude_broad_composite_r2,1.5279725601735195,1.5143387754661704,0.0427373181475097
997,px4,OFFBOARD_ATTITUDE,20260408_054736_px4_attitude_broad_composite_r2,1.547673246835867,1.530592115723527,0.04568796475121108
998,px4,OFFBOARD_ATTITUDE,20260408_054736_px4_attitude_broad_composite_r2,1.5653617915826832,1.546996119481136,0.0420578073720487
999,px4,OFFBOARD_ATTITUDE,20260408_054736_px4_attitude_broad_composite_r2,1.5823952828492613,1.565974852883235,0.03679532974284535
1000,px4,OFFBOARD_ATTITUDE,20260408_054736_px4_attitude_broad_composite_r2,1.598600330416992,1.5850239283911056,0.03352434822719993
1001,px4,OFFBOARD_ATTITUDE,20260408_054736_px4_attitude_broad_composite_r2,1.6147674723216379,1.6051176934345572,0.03083220177903833
1002,px4,OFFBOARD_ATTITUDE,20260408_054736_px4_attitude_broad_composite_r2,1.633683612164133,1.624673698999869,0.030704366937573672
1003,px4,OFFBOARD_ATTITUDE,20260408_054736_px4_attitude_broad_composite_r2,1.6475509686355423,1.6448848055418415,0.029248204685092975
1004,px4,OFFBOARD_ATTITUDE,20260408_054736_px4_attitude_broad_composite_r2,1.663020562168774,1.6678551992482156,0.029931257967585608
1005,px4,OFFBOARD_ATTITUDE,20260408_054736_px4_attitude_broad_composite_r2,1.6760027827803279,1.6864004143616003,0.033621844362348226
1006,px4,OFFBOARD_ATTITUDE,20260408_054736_px4_attitude_broad_composite_r2,1.6955087757144978,1.7064385305565375,0.03405916223617594
1007,px4,OFFBOARD_ATTITUDE,20260408_054736_px4_attitude_broad_composite_r2,1.7148735491085576,1.7254511370764218,0.03626680989290101
1008,px4,OFFBOARD_ATTITUDE,20260408_054736_px4_attitude_broad_composite_r2,1.7361298114161305,1.7488408697775821,0.04254983246573962
1009,px4,OFFBOARD_ATTITUDE,20260408_054736_px4_attitude_broad_composite_r2,1.7601884503383947,1.774359743292741,0.04886856574316966
1010,px4,OFFBOARD_ATTITUDE,20260408_054736_px4_attitude_broad_composite_r2,1.791038257056147,1.8026276353387205,0.052956543272301905
1011,px4,OFFBOARD_ATTITUDE,20260408_054736_px4_attitude_broad_composite_r2,1.8196437069211167,1.8335270453178119,0.06065945871208011
1012,px4,OFFBOARD_ATTITUDE,20260408_054736_px4_attitude_broad_composite_r2,1.8506718350121854,1.8715566304319122,0.06743044480242559
1013,px4,OFFBOARD_ATTITUDE,20260408_054736_px4_attitude_broad_composite_r2,1.8857214041831654,1.9051912621246778,0.06808314964510113
1014,px4,OFFBOARD_ATTITUDE,20260408_054736_px4_attitude_broad_composite_r2,1.9161502023775725,1.9403382143402088,0.07162747774073974
1015,px4,OFFBOARD_ATTITUDE,20260408_054736_px4_attitude_broad_composite_r2,1.953877703935103,1.9774700378581165,0.06644068864327962
1016,px4,OFFBOARD_ATTITUDE,20260408_054736_px4_attitude_broad_composite_r2,1.9926644652371852,2.0071454439744434,0.057860034117593495
1017,px4,OFFBOARD_ATTITUDE,20260408_054736_px4_attitude_broad_composite_r2,2.0382461032658505,2.043324828690399,0.05173338061295679
1018,px4,OFFBOARD_ATTITUDE,20260408_054736_px4_attitude_broad_composite_r2,2.082845773249655,2.0797417757725913,0.048665798174422556
1019,px4,OFFBOARD_ATTITUDE,20260408_054736_px4_attitude_broad_composite_r2,2.1272189365278242,2.121335935320237,0.04792017891801495
1020,px4,OFFBOARD_ATTITUDE,20260408_054736_px4_attitude_broad_composite_r2,2.1703056686498883,2.160849706670419,0.04691269920551003
1021,px4,OFFBOARD_ATTITUDE,20260408_054736_px4_attitude_broad_composite_r2,2.220720567260559,2.1988127747261244,0.05314543512766574
1022,px4,OFFBOARD_ATTITUDE,20260408_054736_px4_attitude_broad_composite_r2,2.2613483091200255,2.235908918909857,0.057891641417093784
1023,px4,OFFBOARD_ATTITUDE,20260408_054736_px4_attitude_broad_composite_r2,2.292447859540129,2.2806302421955307,0.05396474444293511
1024,px4,OFFBOARD_ATTITUDE,20260408_054736_px4_attitude_broad_composite_r2,2.327487002743337,2.3158247911719907,0.06049253456899302
1025,px4,OFFBOARD_ATTITUDE,20260408_054736_px4_attitude_broad_composite_r2,2.3603491666900718,2.3427189919226916,0.06736091304415283
1026,px4,OFFBOARD_ATTITUDE,20260408_054736_px4_attitude_broad_composite_r2,2.385945935162054,2.3733190783479166,0.06110902288158728
1027,px4,OFFBOARD_ATTITUDE,20260408_054736_px4_attitude_broad_composite_r2,2.4195409130166237,2.4028290898599027,0.05963519407315682
1028,px4,OFFBOARD_ATTITUDE,20260408_054736_px4_attitude_broad_composite_r2,2.4456526080102807,2.4263755771102997,0.05533597520495243
1029,px4,OFFBOARD_ATTITUDE,20260408_054736_px4_attitude_broad_composite_r2,2.4687753646519797,2.457943340770498,0.039292763644429594
1030,px4,OFFBOARD_ATTITUDE,20260408_054736_px4_attitude_broad_composite_r2,2.4908480825091153,2.4828955975017366,0.02910825519207698
1031,px4,OFFBOARD_ATTITUDE,20260408_054736_px4_attitude_broad_composite_r2,2.5101403566933396,2.505493652947985,0.027895250376899914
1032,px4,OFFBOARD_ATTITUDE,20260408_054736_px4_attitude_broad_composite_r2,2.528462814266512,2.527447772916894,0.034089408979841536
1033,px4,OFFBOARD_ATTITUDE,20260408_054736_px4_attitude_broad_composite_r2,2.538464102084217,2.5461138705988215,0.03029728376198503
1034,px4,OFFBOARD_ATTITUDE,20260408_054736_px4_attitude_broad_composite_r2,2.552916568247168,2.5651562257761116,0.030818665306352473
1035,px4,OFFBOARD_ATTITUDE,20260408_054736_px4_attitude_broad_composite_r2,2.563550744725735,2.575353392672536,0.03403434585701298
1036,px4,OFFBOARD_ATTITUDE,20260408_054736_px4_attitude_broad_composite_r2,2.5812077774698388,2.58881923009395,0.032530916307360803
1037,px4,OFFBOARD_ATTITUDE,20260408_054736_px4_attitude_broad_composite_r2,2.5943767921006518,2.5997133566883264,0.03372093931740256
1038,px4,OFFBOARD_ATTITUDE,20260408_054736_px4_attitude_broad_composite_r2,2.6125289151386273,2.6150329513527595,0.03197303657515466
1039,px4,OFFBOARD_ATTITUDE,20260408_054736_px4_attitude_broad_composite_r2,2.626817340336504,2.626629979612068,0.03192037239788208
1040,px4,OFFBOARD_ATTITUDE,20260408_054736_px4_attitude_broad_composite_r2,2.6411600780109663,2.641898386825091,0.0303436816339461
1041,px4,OFFBOARD_ATTITUDE,20260408_054736_px4_attitude_broad_composite_r2,2.6554632012793413,2.6536678670139366,0.03502520437177273
1042,px4,OFFBOARD_ATTITUDE,20260408_054736_px4_attitude_broad_composite_r2,2.6695916992322757,2.6651849295396826,0.044587823580476804
1043,px4,OFFBOARD_ATTITUDE,20260408_054736_px4_attitude_broad_composite_r2,2.683276113143957,2.6768440141602885,0.0492406419907797
1044,px4,OFFBOARD_ATTITUDE,20260408_054736_px4_attitude_broad_composite_r2,2.7016475130005255,2.688084558747021,0.049876191491873036
1045,px4,OFFBOARD_ATTITUDE,20260408_054736_px4_attitude_broad_composite_r2,2.718568971644921,2.698537048206005,0.05139831114225488
1046,px4,OFFBOARD_ATTITUDE,20260408_054736_px4_attitude_broad_composite_r2,2.7348874172617865,2.7129755166482092,0.0518277443127588
1047,px4,OFFBOARD_ATTITUDE,20260408_054736_px4_attitude_broad_composite_r2,2.7527962162252955,2.7263607554838245,0.0516985865695998
1048,px4,OFFBOARD_ATTITUDE,20260408_054736_px4_attitude_broad_composite_r2,2.766194022149262,2.739053333206065,0.05115798460636364
1049,px4,OFFBOARD_ATTITUDE,20260408_054736_px4_attitude_broad_composite_r2,2.7772189718733955,2.7533836675268555,0.04333164100845406
1050,px4,OFFBOARD_ATTITUDE,20260408_054736_px4_attitude_broad_composite_r2,2.7886061641501874,2.7635791359481683,0.044409310050447
1051,px4,OFFBOARD_ATTITUDE,20260408_054736_px4_attitude_broad_composite_r2,2.797793317206276,2.7719736781339828,0.047789910191373915
1052,px4,OFFBOARD_ATTITUDE,20260408_054736_px4_attitude_broad_composite_r2,2.805202804598355,2.7814871335767726,0.0525848489933089
1053,px4,OFFBOARD_ATTITUDE,20260408_054736_px4_attitude_broad_composite_r2,2.8089959270983416,2.7890622912137153,0.05383432507289105
1054,px4,OFFBOARD_ATTITUDE,20260408_054736_px4_attitude_broad_composite_r2,2.8117066093472416,2.794728349594007,0.059036988119169166
1055,px4,OFFBOARD_ATTITUDE,20260408_054736_px4_attitude_broad_composite_r2,2.811978596269928,2.7984198161211604,0.0628514268852508
1056,px4,OFFBOARD_ATTITUDE,20260408_054736_px4_attitude_broad_composite_r2,2.810818636107662,2.799748491903336,0.06388971009033413
1057,px4,OFFBOARD_ATTITUDE,20260408_054736_px4_attitude_broad_composite_r2,2.807918964940132,2.7994811868006937,0.06486859648081478
1058,px4,OFFBOARD_ATTITUDE,20260408_054736_px4_attitude_broad_composite_r2,2.803275468102999,2.798727473913226,0.06232210184305829
1059,px4,OFFBOARD_ATTITUDE,20260408_054736_px4_attitude_broad_composite_r2,2.794863470443545,2.794885635735783,0.061290531343238225
1060,px4,OFFBOARD_ATTITUDE,20260408_054736_px4_attitude_broad_composite_r2,2.7851518179097585,2.7887469119419848,0.06726179994209022
1061,px4,OFFBOARD_ATTITUDE,20260408_054736_px4_attitude_broad_composite_r2,2.7768474862998334,2.7766694558766853,0.10998135549853767
1062,px4,OFFBOARD_ATTITUDE,20260408_054736_px4_attitude_broad_composite_r2,2.7651817564268986,2.764246885382805,0.08506688050147083
1063,px4,OFFBOARD_ATTITUDE,20260408_054736_px4_attitude_broad_composite_r2,2.7539910005421477,2.7561451405051987,0.06223260551625229
1064,px4,OFFBOARD_ATTITUDE,20260408_054736_px4_attitude_broad_composite_r2,2.736314518578236,2.7438343606645277,0.09068743630913799
1065,px4,OFFBOARD_ATTITUDE,20260408_054736_px4_attitude_broad_composite_r2,2.717475507188219,2.7291974050686534,0.06205577365984718
1066,px4,OFFBOARD_ATTITUDE,20260408_054736_px4_attitude_broad_composite_r2,2.6942130207461727,2.7069981307346405,0.05521512525130591
1067,px4,OFFBOARD_ATTITUDE,20260408_054736_px4_attitude_broad_composite_r2,2.6839287962978657,2.686042285362647,0.14206362006100176
1068,px4,OFFBOARD_ATTITUDE,20260408_054736_px4_attitude_broad_composite_r2,2.7125978561256674,2.6639606328878425,0.39830818762262526
1069,px4,OFFBOARD_ATTITUDE,20260408_054736_px4_attitude_broad_composite_r2,2.773641168195129,2.6673229629895827,0.4955930724672412
1070,px4,OFFBOARD_ATTITUDE,20260408_054736_px4_attitude_broad_composite_r2,2.8476942755629095,2.7466900387247306,0.34340456348747367
1071,px4,OFFBOARD_ATTITUDE,20260408_054736_px4_attitude_broad_composite_r2,2.953535135228886,2.8652554155139764,0.252400088268254
1072,px4,OFFBOARD_ATTITUDE,20260408_054736_px4_attitude_broad_composite_r2,3.060331972963413,2.9683282534728637,0.18837107836691627
1073,px4,OFFBOARD_ATTITUDE,20260408_054736_px4_attitude_broad_composite_r2,3.1800015297638184,3.1101094302026064,0.13967649413149927
1074,px4,OFFBOARD_ATTITUDE,20260408_054736_px4_attitude_broad_composite_r2,3.275954288979913,3.216136553817571,0.12233850897462598
1075,px4,OFFBOARD_ATTITUDE,20260408_054736_px4_attitude_broad_composite_r2,3.356770269905012,3.293204651985874,0.11255878175645241
1076,px4,OFFBOARD_ATTITUDE,20260408_054736_px4_attitude_broad_composite_r2,3.3946995455448388,3.3058667527209344,0.12996865456956247
1077,px4,OFFBOARD_ATTITUDE,20260408_054736_px4_attitude_broad_composite_r2,3.397676595631555,3.2892004825760788,0.1622511383588799
1078,px4,OFFBOARD_ATTITUDE,20260408_054736_px4_attitude_broad_composite_r2,3.3709675787476177,3.275108267126611,0.15523980475990345
1079,px4,OFFBOARD_ATTITUDE,20260408_054736_px4_attitude_broad_composite_r2,3.313594001350333,3.27294999184796,0.11825214959417531
1080,px4,OFFBOARD_ATTITUDE,20260408_054736_px4_attitude_broad_composite_r2,3.248943569738395,3.274696181884874,0.10775144567437477
1081,px4,OFFBOARD_ATTITUDE,20260408_054736_px4_attitude_broad_composite_r2,3.1754173142702458,3.2644202292779028,0.3629620904428674
1082,px4,OFFBOARD_ATTITUDE,20260408_054736_px4_attitude_broad_composite_r2,3.081467692032402,3.035593604495455,0.2800660580367208
1083,px4,OFFBOARD_ATTITUDE,20260408_054736_px4_attitude_broad_composite_r2,2.959243821005291,2.7445849872633308,0.4635167854886854
1084,px4,OFFBOARD_ATTITUDE,20260408_054736_px4_attitude_broad_composite_r2,2.8460544975129665,2.6744124010161974,0.42452527995261535
1085,px4,OFFBOARD_ATTITUDE,20260408_054736_px4_attitude_broad_composite_r2,2.738981992763607,2.682981431779273,0.16066728447064837
1086,px4,OFFBOARD_ATTITUDE,20260408_054736_px4_attitude_broad_composite_r2,2.657115680674528,2.711372367853355,0.2140883505535384
1087,px4,OFFBOARD_ATTITUDE,20260408_054736_px4_attitude_broad_composite_r2,2.58648121948582,2.713645007411589,0.4330024388655506
1088,px4,OFFBOARD_ATTITUDE,20260408_054736_px4_attitude_broad_composite_r2,2.535796379959746,2.680413894830591,0.5405869214267487
1089,px4,OFFBOARD_ATTITUDE,20260408_054736_px4_attitude_broad_composite_r2,2.496143394525758,2.6164687978741017,0.5626092957341935
1090,px4,OFFBOARD_ATTITUDE,20260408_054736_px4_attitude_broad_composite_r2,2.469366100043535,2.5508789820742486,0.5290583292207727
