received_time_ns,timestamp,timestamp_sample,reversible_flags,motor_1,motor_2,motor_3,motor_4,motor_5,motor_6,motor_7,motor_8,motor_9,motor_10,motor_11,motor_12,motors_peak
1775886047341835264,2800000,2800000,0,1.7469480723120157e-12,0.0,7.204133123384082e-14,0.0,nan,nan,nan,nan,nan,nan,nan,nan,1.7469480723120157e-12
1775886047345835264,2804000,2804000,0,0.0,1.9364178771748286e-13,1.760380036186504e-13,0.0,nan,nan,nan,nan,nan,nan,nan,nan,1.9364178771748286e-13
1775886047441835264,2900000,2900000,0,0.0,1.5050798335500964e-13,1.3682544680593267e-13,1.668481433743374e-12,nan,nan,nan,nan,nan,nan,nan,nan,1.668481433743374e-12
1775886047541835264,3000000,3000000,0,0.0,0.0,1.6859551948966711e-12,0.0,nan,nan,nan,nan,nan,nan,nan,nan,1.6859551948966711e-12
1775886047641835264,3100000,3100000,0,1.2003766036716712e-13,0.0,0.0,1.3204141827236754e-13,nan,nan,nan,nan,nan,nan,nan,nan,1.3204141827236754e-13
1775886047741835264,3200000,3200000,0,2.8854956618529215e-14,0.0,0.0,4.547473508864641e-13,nan,nan,nan,nan,nan,nan,nan,nan,4.547473508864641e-13
1775886047841835264,3300000,3300000,0,0.0,1.9999988807011676e-13,1.8181810224060513e-13,0.0,nan,nan,nan,nan,nan,nan,nan,nan,1.9999988807011676e-13
1775886047941835264,3400000,3400000,0,6.797687412962716e-14,3.563204202181036e-12,0.0,7.477455747683173e-14,nan,nan,nan,nan,nan,nan,nan,nan,3.563204202181036e-12
1775886048041835264,3500000,3500000,0,5.781868039900218e-13,3.637978807091713e-12,3.059792003101691e-12,0.0,nan,nan,nan,nan,nan,nan,nan,nan,3.637978807091713e-12
1775886048141835264,3600000,3600000,0,1.5649130212166962e-13,0.0,1.2772579218237046e-13,0.0,nan,nan,nan,nan,nan,nan,nan,nan,1.5649130212166962e-13
1775886048241835264,3700000,3700000,0,0.0,9.836710439248275e-13,0.0,2.6543077631668854e-12,nan,nan,nan,nan,nan,nan,nan,nan,2.6543077631668854e-12
1775886048337835264,3796000,3796000,0,0.0,0.0,0.0,0.0,nan,nan,nan,nan,nan,nan,nan,nan,0.0
1775886048441835264,3900000,3900000,0,8.421631447763644e-13,0.0,9.76826258769492e-13,0.0,nan,nan,nan,nan,nan,nan,nan,nan,9.76826258769492e-13
1775886048541835264,4000000,4000000,0,1.2634355367469041e-12,0.0,0.0,1.8189894035458565e-12,nan,nan,nan,nan,nan,nan,nan,nan,1.8189894035458565e-12
1775886048641835264,4100000,4100000,0,0.0,0.0,0.0,3.637978807091713e-12,nan,nan,nan,nan,nan,nan,nan,nan,3.637978807091713e-12
1775886048741835264,4200000,4200000,0,0.0011625962797552347,0.0014631663216277957,0.0,0.001374312792904675,nan,nan,nan,nan,nan,nan,nan,nan,0.0014631663216277957
1775886048841835264,4300000,4300000,0,0.0008216302958317101,0.0017874485347419977,0.0,0.0013909217668697238,nan,nan,nan,nan,nan,nan,nan,nan,0.0017874485347419977
1775886048941835264,4400000,4400000,0,0.000382801255909726,0.0014191982336342335,0.0003232964954804629,0.0018747046124190092,nan,nan,nan,nan,nan,nan,nan,nan,0.0018747046124190092
1775886049041835264,4500000,4500000,0,0.00034493731800466776,0.0014290499966591597,0.0002666359068825841,0.001959377434104681,nan,nan,nan,nan,nan,nan,nan,nan,0.001959377434104681
1775886049141835264,4600000,4600000,0,0.00029735799762420356,0.0011395259061828256,0.0005219413433223963,0.002041175263002515,nan,nan,nan,nan,nan,nan,nan,nan,0.002041175263002515
1775886049241835264,4700000,4700000,0,0.0005088485777378082,0.0010504787787795067,0.0005995302926748991,0.0018411428900435567,nan,nan,nan,nan,nan,nan,nan,nan,0.0018411428900435567
1775886049341835264,4800000,4800000,0,0.0006970990798436105,0.0008577496628277004,0.0006849442725069821,0.0017602075822651386,nan,nan,nan,nan,nan,nan,nan,nan,0.0017602075822651386
1775886049441835264,4900000,4900000,0,0.0008004263509064913,0.0008591441437602043,0.0008198795840144157,0.0015205504605546594,nan,nan,nan,nan,nan,nan,nan,nan,0.0015205504605546594
1775886049541835264,5000000,5000000,0,0.0007705453899689019,0.0012922859750688076,0.0005240753525868058,0.0014130938798189163,nan,nan,nan,nan,nan,nan,nan,nan,0.0014130938798189163
1775886049641835264,5100000,5100000,0,0.00039994774851948023,0.0018356610089540482,0.00023446934937965125,0.0015299224760383368,nan,nan,nan,nan,nan,nan,nan,nan,0.0018356610089540482
1775886049741835264,5200000,5200000,0,6.372282950906083e-05,0.0020700953900814056,5.2897269897655974e-12,0.0018661824287846684,nan,nan,nan,nan,nan,nan,nan,nan,0.0020700953900814056
1775886049841835264,5300000,5300000,0,0.00013873077114112675,0.0021526040509343147,6.16071411059238e-05,0.001647058641538024,nan,nan,nan,nan,nan,nan,nan,nan,0.0021526040509343147
1775886049941835264,5400000,5400000,0,5.2447088819462806e-05,0.0020576922688633204,0.0,0.0018898614216595888,nan,nan,nan,nan,nan,nan,nan,nan,0.0020576922688633204
1775886050037835264,5496000,5496000,0,1.3336273058106585e-11,0.0020000003278255463,1.2156421702602671e-12,0.0020000003278255463,nan,nan,nan,nan,nan,nan,nan,nan,0.0020000003278255463
1775886050141835264,5600000,5600000,0,7.68091232977719e-12,0.0020000000949949026,0.0,0.0020000003278255463,nan,nan,nan,nan,nan,nan,nan,nan,0.0020000003278255463
1775886050241835264,5700000,5700000,0,0.0,0.00200000056065619,0.0,0.0020000003278255463,nan,nan,nan,nan,nan,nan,nan,nan,0.00200000056065619
1775886050341835264,5800000,5800000,0,0.00012864480959251523,0.001871355576440692,0.0,0.0020000003278255463,nan,nan,nan,nan,nan,nan,nan,nan,0.0020000003278255463
1775886050441835264,5900000,5900000,0,0.0007521729567088187,0.0012279357761144638,9.472179954173043e-06,0.0020104199647903442,nan,nan,nan,nan,nan,nan,nan,nan,0.0020104199647903442
1775886050541835264,6000000,6000000,0,0.0011016596108675003,0.0008738917531445622,1.1642289791780058e-05,0.0020128069445490837,nan,nan,nan,nan,nan,nan,nan,nan,0.0020128069445490837
1775886050641835264,6100000,6100000,0,0.0014005391858518124,0.0005142969894222915,4.0554350562160835e-05,0.0020446102134883404,nan,nan,nan,nan,nan,nan,nan,nan,0.0020446102134883404
1775886050745835264,6204000,6204000,0,0.0016599019290879369,0.0001882156648207456,7.232508505694568e-05,0.0020795578602701426,nan,nan,nan,nan,nan,nan,nan,nan,0.0020795578602701426
1775886050841835264,6300000,6300000,0,0.0020000003278255463,0.0,4.553362941805972e-06,0.0019954468589276075,nan,nan,nan,nan,nan,nan,nan,nan,0.0020000003278255463
1775886050941835264,6400000,6400000,0,0.0020000003278255463,0.0,0.00015019351849332452,0.0018498068675398827,nan,nan,nan,nan,nan,nan,nan,nan,0.0020000003278255463
1775886051041835264,6500000,6500000,0,0.0017141333082690835,0.00020578000112436712,0.0003425623581279069,0.0017375248717144132,nan,nan,nan,nan,nan,nan,nan,nan,0.0017375248717144132
1775886051141835264,6600000,6600000,0,0.0015377268427982926,0.000457762653240934,0.0003976783773396164,0.0016068326076492667,nan,nan,nan,nan,nan,nan,nan,nan,0.0016068326076492667
1775886051241835264,6700000,6700000,0,0.001320266630500555,0.0006823435542173684,0.00029806242673657835,0.0016993280733004212,nan,nan,nan,nan,nan,nan,nan,nan,0.0016993280733004212
1775886051345835264,6804000,6804000,0,0.0009553211857564747,0.0011039844248443842,6.631977952920032e-14,0.0019406948704272509,nan,nan,nan,nan,nan,nan,nan,nan,0.0019406948704272509
1775886051433835264,6892000,6892000,0,0.00025891041150316596,0.0017003867542371154,1.9382452592253685e-05,0.0020213210955262184,nan,nan,nan,nan,nan,nan,nan,nan,0.0020213210955262184
1775886051541835264,7000000,7000000,0,2.558599165869424e-12,0.0020000000949949026,2.654523129086428e-11,0.0020000003278255463,nan,nan,nan,nan,nan,nan,nan,nan,0.0020000003278255463
1775886051641835264,7100000,7100000,0,9.111122446781028e-12,0.0020000003278255463,0.0,0.0020000003278255463,nan,nan,nan,nan,nan,nan,nan,nan,0.0020000003278255463
1775886051737835264,7196000,7196000,0,2.306453639189243e-13,0.0020000003278255463,2.7054195689268923e-11,0.0020000003278255463,nan,nan,nan,nan,nan,nan,nan,nan,0.0020000003278255463
1775886051841835264,7300000,7300000,0,0.0,0.0020000003278255463,0.0,0.001999999862164259,nan,nan,nan,nan,nan,nan,nan,nan,0.0020000003278255463
1775886051941835264,7400000,7400000,0,9.169661557839603e-14,0.0020000003278255463,4.265455350038749e-11,0.0020000000949949026,nan,nan,nan,nan,nan,nan,nan,nan,0.0020000003278255463
1775886052041835264,7500000,7500000,0,0.0,0.0020000003278255463,7.968858212192842e-12,0.0020000003278255463,nan,nan,nan,nan,nan,nan,nan,nan,0.0020000003278255463
1775886052141835264,7600000,7600000,0,7.974731985882499e-13,0.0020000003278255463,4.2858272486512305e-11,0.0020000003278255463,nan,nan,nan,nan,nan,nan,nan,nan,0.0020000003278255463
1775886052241835264,7700000,7700000,0,0.00024528001085855067,0.0016889036633074284,3.134118014713749e-05,0.0020344755612313747,nan,nan,nan,nan,nan,nan,nan,nan,0.0020344755612313747
1775886052341835264,7800000,7800000,0,0.0006291182362474501,0.0012605133233591914,5.255647556623444e-05,0.0020578124094754457,nan,nan,nan,nan,nan,nan,nan,nan,0.0020578124094754457
1775886052441835264,7900000,7900000,0,0.0010588804725557566,0.0008962765568867326,2.1354017007979564e-05,0.0020234896801412106,nan,nan,nan,nan,nan,nan,nan,nan,0.0020234896801412106
1775886052541835264,8000000,8000000,0,0.001321885036304593,0.0006410405621863902,1.7654521798249334e-05,0.002019420498982072,nan,nan,nan,nan,nan,nan,nan,nan,0.002019420498982072
1775886052633835264,8092000,8092000,0,0.0013091774890199304,0.000685021048411727,2.7627677354757907e-06,0.0020030394662171602,nan,nan,nan,nan,nan,nan,nan,nan,0.0020030394662171602
1775886052741835264,8200000,8200000,0,0.0015953142428770661,0.0003695252526085824,1.6743229934945703e-05,0.0020184179302304983,nan,nan,nan,nan,nan,nan,nan,nan,0.0020184179302304983
1775886052841835264,8300000,8300000,0,0.0018955025589093566,0.00010449776891618967,3.5711364421153746e-13,0.0020000003278255463,nan,nan,nan,nan,nan,nan,nan,nan,0.0020000003278255463
1775886052941835264,8400000,8400000,0,0.002035269048064947,3.8795533328084275e-05,0.00022188927687238902,0.0017040468519553542,nan,nan,nan,nan,nan,nan,nan,nan,0.002035269048064947
1775886053041835264,8500000,8500000,0,0.0020000000949949026,0.0,0.00048387498827651143,0.001516125281341374,nan,nan,nan,nan,nan,nan,nan,nan,0.0020000000949949026
1775886053145835264,8604000,8604000,0,0.001957477768883109,0.0001373797276755795,0.000535084109287709,0.0013700589770451188,nan,nan,nan,nan,nan,nan,nan,nan,0.001957477768883109
1775886053241835264,8700000,8700000,0,0.0015844311565160751,0.0004739037831313908,0.00041303050238639116,0.0015286351554095745,nan,nan,nan,nan,nan,nan,nan,nan,0.0015844311565160751
1775886053337835264,8796000,8796000,0,0.0011337142204865813,0.0009275327902287245,0.00024482139269821346,0.0016939322231337428,nan,nan,nan,nan,nan,nan,nan,nan,0.0016939322231337428
1775886053441835264,8900000,8900000,0,0.0004040243511553854,0.0015959759475663304,0.0,0.00200000056065619,nan,nan,nan,nan,nan,nan,nan,nan,0.00200000056065619
1775886053549835264,9008000,9008000,0,0.0,0.0020000000949949026,4.027345471002697e-11,0.00200000056065619,nan,nan,nan,nan,nan,nan,nan,nan,0.00200000056065619
1775886053641835264,9100000,9100000,0,1.7353382619766933e-11,0.0020000000949949026,8.36511415691632e-13,0.0020000003278255463,nan,nan,nan,nan,nan,nan,nan,nan,0.0020000003278255463
1775886053741835264,9200000,9200000,0,0.0,0.0020000003278255463,2.172621284268761e-11,0.0020000000949949026,nan,nan,nan,nan,nan,nan,nan,nan,0.0020000003278255463
1775886053841835264,9300000,9300000,0,7.129254131488238e-11,0.0020000003278255463,0.0,0.0020000003278255463,nan,nan,nan,nan,nan,nan,nan,nan,0.0020000003278255463
1775886053941835264,9400000,9400000,0,1.495435303366932e-10,0.0020000000949949026,0.0,0.0020000003278255463,nan,nan,nan,nan,nan,nan,nan,nan,0.0020000003278255463
1775886054041835264,9500000,9500000,0,7.357765785531711e-11,0.0020000000949949026,0.0,0.0020000003278255463,nan,nan,nan,nan,nan,nan,nan,nan,0.0020000003278255463
1775886054141835264,9600000,9600000,0,4.520109980754583e-11,0.0020000000949949026,2.7363701582405753e-13,0.0020000003278255463,nan,nan,nan,nan,nan,nan,nan,nan,0.0020000003278255463
1775886054241835264,9700000,9700000,0,7.491389453218034e-11,0.0020000003278255463,1.4836604167456358e-12,0.0020000003278255463,nan,nan,nan,nan,nan,nan,nan,nan,0.0020000003278255463
1775886054341835264,9800000,9800000,0,0.0,0.0020000000949949026,2.384451247561259e-10,0.0020000003278255463,nan,nan,nan,nan,nan,nan,nan,nan,0.0020000003278255463
1775886054441835264,9900000,9900000,0,1.1751824513517306e-10,0.0020000000949949026,0.0,0.0020000003278255463,nan,nan,nan,nan,nan,nan,nan,nan,0.0020000003278255463
1775886054545835264,10004000,10000000,0,1.4894212252425376e-10,0.001999999862164259,2.1501030122994536e-13,0.0020000003278255463,nan,nan,nan,nan,nan,nan,nan,nan,0.0020000003278255463
1775886054641835264,10100000,10100000,0,0.0,0.0020000003278255463,3.553227503894085e-11,0.0020000003278255463,nan,nan,nan,nan,nan,nan,nan,nan,0.0020000003278255463
1775886054741835264,10200000,10200000,0,6.037601668618109e-11,0.001999999862164259,1.0538184908037707e-13,0.0020000003278255463,nan,nan,nan,nan,nan,nan,nan,nan,0.0020000003278255463
1775886054841835264,10300000,10300000,0,6.914542549640856e-11,0.001999999862164259,0.0,0.0020000003278255463,nan,nan,nan,nan,nan,nan,nan,nan,0.0020000003278255463
1775886054941835264,10400000,10400000,0,1.0664323590869884e-11,0.0020000003278255463,2.4961283040525473e-13,0.0020000003278255463,nan,nan,nan,nan,nan,nan,nan,nan,0.0020000003278255463
1775886055041835264,10500000,10500000,0,8.02467120530892e-11,0.0020000003278255463,0.0,0.00200000056065619,nan,nan,nan,nan,nan,nan,nan,nan,0.00200000056065619
1775886055141835264,10600000,10600000,0,0.0,0.0020000003278255463,1.8918305810800007e-10,0.0020000000949949026,nan,nan,nan,nan,nan,nan,nan,nan,0.0020000003278255463
1775886055241835264,10700000,10700000,0,0.0,0.0020000000949949026,0.0,0.00200000056065619,nan,nan,nan,nan,nan,nan,nan,nan,0.00200000056065619
1775886055341835264,10800000,10800000,0,1.8498593282179066e-11,0.0020000000949949026,0.0,0.0020000003278255463,nan,nan,nan,nan,nan,nan,nan,nan,0.0020000003278255463
1775886055441835264,10900000,10896000,0,4.6684010823749844e-14,0.0020000003278255463,2.3600177367910646e-11,0.0020000003278255463,nan,nan,nan,nan,nan,nan,nan,nan,0.0020000003278255463
1775886055541835264,11000000,11000000,0,3.2861272730722035e-11,0.0020000003278255463,0.0,0.0020000000949949026,nan,nan,nan,nan,nan,nan,nan,nan,0.0020000003278255463
1775886055641835264,11100000,11100000,0,0.0,0.0020000003278255463,0.0,0.0020000003278255463,nan,nan,nan,nan,nan,nan,nan,nan,0.0020000003278255463
1775886055741835264,11200000,11200000,0,0.0,0.0020000003278255463,0.0,0.00200000056065619,nan,nan,nan,nan,nan,nan,nan,nan,0.00200000056065619
1775886055841835264,11300000,11300000,0,5.056215862664359e-13,0.0020000003278255463,3.7693154153473074e-11,0.0020000003278255463,nan,nan,nan,nan,nan,nan,nan,nan,0.0020000003278255463
1775886055941835264,11400000,11400000,0,0.0,0.0020000000949949026,0.0,0.0020000003278255463,nan,nan,nan,nan,nan,nan,nan,nan,0.0020000003278255463
1775886056041835264,11500000,11500000,0,0.0,0.0020000003278255463,0.0,0.0020000000949949026,nan,nan,nan,nan,nan,nan,nan,nan,0.0020000003278255463
1775886056141835264,11600000,11600000,0,1.661725444745965e-11,0.0020000003278255463,0.0,0.0020000000949949026,nan,nan,nan,nan,nan,nan,nan,nan,0.0020000003278255463
1775886056245835264,11704000,11704000,0,0.0,0.0020000003278255463,0.0,0.0020000003278255463,nan,nan,nan,nan,nan,nan,nan,nan,0.0020000003278255463
1775886056341835264,11800000,11800000,0,6.943459002206609e-11,0.0020000003278255463,0.0,0.0020000000949949026,nan,nan,nan,nan,nan,nan,nan,nan,0.0020000003278255463
1775886056441835264,11900000,11900000,0,5.633050623177205e-11,0.0020000003278255463,5.816614551124033e-14,0.0020000003278255463,nan,nan,nan,nan,nan,nan,nan,nan,0.0020000003278255463
1775886056541835264,12000000,12000000,0,5.1217221436195004e-11,0.0020000003278255463,0.0,0.0020000003278255463,nan,nan,nan,nan,nan,nan,nan,nan,0.0020000003278255463
1775886056641835264,12100000,12100000,0,1.608779429118634e-11,0.0020000003278255463,2.8311034072636687e-13,0.0020000003278255463,nan,nan,nan,nan,nan,nan,nan,nan,0.0020000003278255463
1775886056741835264,12200000,12200000,0,2.062471443631253e-10,0.0020000007934868336,1.1176441716553853e-12,0.001999999862164259,nan,nan,nan,nan,nan,nan,nan,nan,0.0020000007934868336
1775886056841835264,12300000,12300000,0,0.0,0.00200000056065619,0.0,0.00200000056065619,nan,nan,nan,nan,nan,nan,nan,nan,0.00200000056065619
1775886056941835264,12400000,12400000,0,0.0,0.001999999862164259,1.9843303389333045e-10,0.0020000003278255463,nan,nan,nan,nan,nan,nan,nan,nan,0.0020000003278255463
1775886057049835264,12508000,12508000,0,4.320217100728385e-11,0.0020000003278255463,0.0,0.0020000000949949026,nan,nan,nan,nan,nan,nan,nan,nan,0.0020000003278255463
1775886057141835264,12600000,12600000,0,7.462780393652224e-15,0.0020000003278255463,4.001030409761519e-11,0.0020000003278255463,nan,nan,nan,nan,nan,nan,nan,nan,0.0020000003278255463
1775886057241835264,12700000,12700000,0,1.6561578497498175e-13,0.0020000003278255463,5.258507518313138e-11,0.001999999862164259,nan,nan,nan,nan,nan,nan,nan,nan,0.0020000003278255463
1775886057341835264,12800000,12800000,0,4.1670455280806706e-11,0.0020000003278255463,1.6630186810973058e-13,0.0020000003278255463,nan,nan,nan,nan,nan,nan,nan,nan,0.0020000003278255463
1775886057441835264,12900000,12896000,0,3.8397802298861805e-11,0.0020000003278255463,0.0,0.0020000000949949026,nan,nan,nan,nan,nan,nan,nan,nan,0.0020000003278255463
1775886057541835264,13000000,13000000,0,4.288630908733104e-11,0.0020000000949949026,7.694365977695128e-13,0.0020000007934868336,nan,nan,nan,nan,nan,nan,nan,nan,0.0020000007934868336
1775886057641835264,13100000,13100000,0,0.0,0.0020000000949949026,0.0,0.0020000003278255463,nan,nan,nan,nan,nan,nan,nan,nan,0.0020000003278255463
1775886057745835264,13204000,13204000,0,3.748164972838808e-13,0.0020000000949949026,7.056576850628105e-11,0.0020000003278255463,nan,nan,nan,nan,nan,nan,nan,nan,0.0020000003278255463
1775886057841835264,13300000,13300000,0,0.0,0.0020000000949949026,0.0,0.00200000056065619,nan,nan,nan,nan,nan,nan,nan,nan,0.00200000056065619
1775886057941835264,13400000,13400000,0,9.830723041170941e-11,0.0019999996293336153,0.0,0.00200000056065619,nan,nan,nan,nan,nan,nan,nan,nan,0.00200000056065619
1775886058041835264,13500000,13500000,0,2.515360975063885e-10,0.0020000000949949026,0.0,0.0020000000949949026,nan,nan,nan,nan,nan,nan,nan,nan,0.0020000000949949026
1775886058141835264,13600000,13600000,0,1.4918875856917424e-10,0.001999999862164259,0.0,0.00200000056065619,nan,nan,nan,nan,nan,nan,nan,nan,0.00200000056065619
1775886058245835264,13704000,13704000,0,6.192544393934796e-11,0.0020000000949949026,0.0,0.0020000007934868336,nan,nan,nan,nan,nan,nan,nan,nan,0.0020000007934868336
1775886058341835264,13800000,13800000,0,1.3490286665529538e-10,0.001999999862164259,0.0,0.0020000003278255463,nan,nan,nan,nan,nan,nan,nan,nan,0.0020000003278255463
1775886058441835264,13900000,13900000,0,1.3642935392521593e-10,0.0020000000949949026,0.0,0.0020000003278255463,nan,nan,nan,nan,nan,nan,nan,nan,0.0020000003278255463
1775886058541835264,14000000,14000000,0,1.220269857382661e-10,0.0020000000949949026,0.0,0.0020000003278255463,nan,nan,nan,nan,nan,nan,nan,nan,0.0020000003278255463
1775886058645835264,14104000,14104000,0,0.0,0.0020000003278255463,0.0,0.0020000003278255463,nan,nan,nan,nan,nan,nan,nan,nan,0.0020000003278255463
1775886058745835264,14204000,14200000,0,0.0,0.0020000003278255463,0.0,0.0020000003278255463,nan,nan,nan,nan,nan,nan,nan,nan,0.0020000003278255463
1775886058841835264,14300000,14300000,0,0.0,0.00200000056065619,0.0,0.0020000003278255463,nan,nan,nan,nan,nan,nan,nan,nan,0.00200000056065619
1775886058941835264,14400000,14400000,0,0.0,0.0020000003278255463,0.0,0.00200000056065619,nan,nan,nan,nan,nan,nan,nan,nan,0.00200000056065619
1775886059041835264,14500000,14500000,0,0.0,0.00200000056065619,0.0,0.0020000000949949026,nan,nan,nan,nan,nan,nan,nan,nan,0.00200000056065619
1775886059141835264,14600000,14600000,0,9.452022498024348e-13,0.0020000000949949026,1.2638405599840752e-10,0.0020000003278255463,nan,nan,nan,nan,nan,nan,nan,nan,0.0020000003278255463
1775886059241835264,14700000,14700000,0,0.0,0.0020000000949949026,0.0,0.0020000003278255463,nan,nan,nan,nan,nan,nan,nan,nan,0.0020000003278255463
1775886059341835264,14800000,14800000,0,5.052072302169641e-11,0.0020000000949949026,4.109802775875693e-13,0.00200000056065619,nan,nan,nan,nan,nan,nan,nan,nan,0.00200000056065619
1775886059441835264,14900000,14900000,0,9.78998132561415e-13,0.0020000003278255463,5.90476556538988e-11,0.0020000000949949026,nan,nan,nan,nan,nan,nan,nan,nan,0.0020000003278255463
1775886059541835264,15000000,15000000,0,4.163872371898414e-11,0.0020000003278255463,0.0,0.00200000056065619,nan,nan,nan,nan,nan,nan,nan,nan,0.00200000056065619
1775886059641835264,15100000,15096000,0,2.9090445330393067e-14,0.0020000000949949026,6.568190435984889e-11,0.0020000003278255463,nan,nan,nan,nan,nan,nan,nan,nan,0.0020000003278255463
1775886059741835264,15200000,15200000,0,2.5218296201279244e-11,0.0020000003278255463,2.4755544836274623e-13,0.00200000056065619,nan,nan,nan,nan,nan,nan,nan,nan,0.00200000056065619
1775886059841835264,15300000,15300000,0,4.216665211442816e-11,0.0020000003278255463,0.0,0.0020000003278255463,nan,nan,nan,nan,nan,nan,nan,nan,0.0020000003278255463
1775886059941835264,15400000,15400000,0,0.0,0.0020000003278255463,0.0,0.0020000003278255463,nan,nan,nan,nan,nan,nan,nan,nan,0.0020000003278255463
1775886060041835264,15500000,15500000,0,0.0,0.0020000000949949026,5.7030404704283555e-12,0.0020000003278255463,nan,nan,nan,nan,nan,nan,nan,nan,0.0020000003278255463
1775886060141835264,15600000,15600000,0,0.0,0.0020000003278255463,0.0,0.0020000003278255463,nan,nan,nan,nan,nan,nan,nan,nan,0.0020000003278255463
1775886060241835264,15700000,15700000,0,0.0,0.0020000000949949026,0.0,0.00200000056065619,nan,nan,nan,nan,nan,nan,nan,nan,0.00200000056065619
1775886060341835264,15800000,15800000,0,0.0,0.0020000003278255463,2.5759065019892446e-11,0.00200000056065619,nan,nan,nan,nan,nan,nan,nan,nan,0.00200000056065619
1775886060441835264,15900000,15900000,0,2.581029140413804e-11,0.0020000000949949026,0.0,0.00200000056065619,nan,nan,nan,nan,nan,nan,nan,nan,0.00200000056065619
1775886060541835264,16000000,16000000,0,1.554467492226319e-11,0.0020000000949949026,8.262297096495175e-13,0.00200000056065619,nan,nan,nan,nan,nan,nan,nan,nan,0.00200000056065619
1775886060641835264,16100000,16100000,0,2.650310526597366e-14,0.0020000000949949026,7.81900377777589e-11,0.00200000056065619,nan,nan,nan,nan,nan,nan,nan,nan,0.00200000056065619
1775886060737835264,16196000,16196000,0,1.1621172080200637e-10,0.0020000003278255463,2.0359755548149394e-13,0.0020000000949949026,nan,nan,nan,nan,nan,nan,nan,nan,0.0020000003278255463
1775886060841835264,16300000,16300000,0,0.0,0.0020000003278255463,0.0,0.00200000056065619,nan,nan,nan,nan,nan,nan,nan,nan,0.00200000056065619
1775886060941835264,16400000,16400000,0,2.2463897061952842e-11,0.0020000003278255463,0.0,0.0020000003278255463,nan,nan,nan,nan,nan,nan,nan,nan,0.0020000003278255463
1775886061037835264,16496000,16496000,0,3.642921728164161e-11,0.0020000003278255463,0.0,0.0020000003278255463,nan,nan,nan,nan,nan,nan,nan,nan,0.0020000003278255463
1775886061141835264,16600000,16600000,0,2.6333362573849328e-11,0.0020000000949949026,0.0,0.0020000000949949026,nan,nan,nan,nan,nan,nan,nan,nan,0.0020000000949949026
1775886061241835264,16700000,16700000,0,7.316319425298978e-12,0.0020000000949949026,0.0,0.0020000003278255463,nan,nan,nan,nan,nan,nan,nan,nan,0.0020000003278255463
1775886061341835264,16800000,16800000,0,0.0,0.0020000003278255463,4.395018377012505e-11,0.0020000000949949026,nan,nan,nan,nan,nan,nan,nan,nan,0.0020000003278255463
1775886061441835264,16900000,16900000,0,7.462780393652224e-15,0.0020000003278255463,2.3866773141145714e-11,0.0020000000949949026,nan,nan,nan,nan,nan,nan,nan,nan,0.0020000003278255463
1775886061545835264,17004000,17004000,0,8.600065104502619e-14,0.0020000003278255463,0.0,0.0020000003278255463,nan,nan,nan,nan,nan,nan,nan,nan,0.0020000003278255463
1775886061641835264,17100000,17100000,0,0.0,0.0020000003278255463,0.0004775142588187009,0.0015224860981106758,nan,nan,nan,nan,nan,nan,nan,nan,0.0020000003278255463
1775886061741835264,17200000,17200000,0,0.00016479555051773787,0.0017983760917559266,0.0007917483453638852,0.001245080609805882,nan,nan,nan,nan,nan,nan,nan,nan,0.0017983760917559266
1775886061841835264,17300000,17300000,0,0.0004314487159717828,0.0015409296611323953,0.0011081572156399488,0.0009194650338031352,nan,nan,nan,nan,nan,nan,nan,nan,0.0015409296611323953
1775886061953835264,17412000,17412000,0,0.0006272736354731023,0.001345035620033741,0.0011275350116193295,0.0009001563885249197,nan,nan,nan,nan,nan,nan,nan,nan,0.001345035620033741
1775886062041835264,17500000,17500000,0,0.0007503019296564162,0.0012434248346835375,0.001165731344372034,0.000840542430523783,nan,nan,nan,nan,nan,nan,nan,nan,0.0012434248346835375
1775886062141835264,17600000,17600000,0,0.0006272835889831185,0.0013649871107190847,0.0011371249565854669,0.0008706048247404397,nan,nan,nan,nan,nan,nan,nan,nan,0.0013649871107190847
1775886062241835264,17700000,17696000,0,0.0005625381018035114,0.0014418045757338405,0.0010001003975048661,0.0009955575224012136,nan,nan,nan,nan,nan,nan,nan,nan,0.0014418045757338405
1775886062341835264,17800000,17800000,0,0.0006476278649643064,0.001374682760797441,0.0009679460781626403,0.001009743893519044,nan,nan,nan,nan,nan,nan,nan,nan,0.001374682760797441
1775886062437835264,17896000,17896000,0,0.0005419236840680242,0.001499807694926858,0.0008240956231020391,0.0011341735953465104,nan,nan,nan,nan,nan,nan,nan,nan,0.001499807694926858
1775886062533835264,17992000,17992000,0,0.0004816713626496494,0.0015227930853143334,0.0008076692465692759,0.0011878667864948511,nan,nan,nan,nan,nan,nan,nan,nan,0.0015227930853143334
1775886062641835264,18100000,18100000,0,0.0005428055883385241,0.0013882910134270787,0.0009040789445862174,0.0011648250510916114,nan,nan,nan,nan,nan,nan,nan,nan,0.0013882910134270787
1775886062741835264,18200000,18200000,0,0.0005441204411908984,0.0014042634284123778,0.0010093434248119593,0.0010422732448205352,nan,nan,nan,nan,nan,nan,nan,nan,0.0014042634284123778
1775886062841835264,18300000,18300000,0,0.0006050621741451323,0.0013402565382421017,0.001062807161360979,0.0009918747236952186,nan,nan,nan,nan,nan,nan,nan,nan,0.0013402565382421017
1775886062945835264,18404000,18404000,0,0.000583566608838737,0.0013068255502730608,0.0011110827326774597,0.0009985256474465132,nan,nan,nan,nan,nan,nan,nan,nan,0.0013068255502730608
1775886063041835264,18500000,18496000,0,0.0007722934242337942,0.0011931628687307239,0.0012001837603747845,0.0008343605441041291,nan,nan,nan,nan,nan,nan,nan,nan,0.0012001837603747845
1775886063141835264,18600000,18600000,0,0.0008830379811115563,0.0010668063769116998,0.0012213491136208177,0.0008288071840070188,nan,nan,nan,nan,nan,nan,nan,nan,0.0012213491136208177
1775886063241835264,18700000,18700000,0,0.0009311620378866792,0.0011149249039590359,0.0012516967253759503,0.0007022169302217662,nan,nan,nan,nan,nan,nan,nan,nan,0.0012516967253759503
1775886063341835264,18800000,18800000,0,0.0010089155985042453,0.0009852495277300477,0.0013151757884770632,0.0006906595663167536,nan,nan,nan,nan,nan,nan,nan,nan,0.0013151757884770632
1775886063441835264,18900000,18900000,0,0.0010900868801400065,0.0009125483338721097,0.0012907985365018249,0.0007065669051371515,nan,nan,nan,nan,nan,nan,nan,nan,0.0012907985365018249
1775886063541835264,19000000,19000000,0,0.0011791804572567344,0.0007848143577575684,0.0012766303261741996,0.0007593753980472684,nan,nan,nan,nan,nan,nan,nan,nan,0.0012766303261741996
1775886063641835264,19100000,19100000,0,0.0011822148226201534,0.000771029619500041,0.0014167566550895572,0.0006299994420260191,nan,nan,nan,nan,nan,nan,nan,nan,0.0014167566550895572
1775886063741835264,19200000,19200000,0,0.0013311932561919093,0.0006596610764972866,0.0014811811270192266,0.0005279651377350092,nan,nan,nan,nan,nan,nan,nan,nan,0.0014811811270192266
1775886063841835264,19300000,19300000,0,0.0014190516667440534,0.0006089367088861763,0.001550397602841258,0.00042161461897194386,nan,nan,nan,nan,nan,nan,nan,nan,0.001550397602841258
1775886063941835264,19400000,19400000,0,0.0013067799154669046,0.0006414535455405712,0.001642874674871564,0.00040889240335673094,nan,nan,nan,nan,nan,nan,nan,nan,0.001642874674871564
1775886064037835264,19496000,19496000,0,0.0012843096628785133,0.0007512173033319414,0.0017076737713068724,0.00025679985992610455,nan,nan,nan,nan,nan,nan,nan,nan,0.0017076737713068724
1775886064141835264,19600000,19600000,0,0.030132737010717392,0.014784415252506733,0.032589927315711975,0.009067980572581291,nan,nan,nan,nan,nan,nan,nan,nan,0.032589927315711975
1775886064241835264,19700000,19700000,0,0.04751591384410858,0.03416479006409645,0.053140413016080856,0.02438157983124256,nan,nan,nan,nan,nan,nan,nan,nan,0.053140413016080856
1775886064345835264,19804000,19800000,0,0.06448303163051605,0.055279288440942764,0.07334700971841812,0.04173600673675537,nan,nan,nan,nan,nan,nan,nan,nan,0.07334700971841812
1775886064441835264,19900000,19900000,0,0.081699438393116,0.07671815156936646,0.09326503425836563,0.06018190085887909,nan,nan,nan,nan,nan,nan,nan,nan,0.09326503425836563
1775886064553835264,20012000,20012000,0,0.10549497604370117,0.10470262169837952,0.1184205412864685,0.0862426608800888,nan,nan,nan,nan,nan,nan,nan,nan,0.1184205412864685
1775886064641835264,20100000,20100000,0,0.13172487914562225,0.13271328806877136,0.14536325633525848,0.1134708970785141,nan,nan,nan,nan,nan,nan,nan,nan,0.14536325633525848
1775886064749835264,20208000,20208000,0,0.16176478564739227,0.1645544469356537,0.17623072862625122,0.14411602914333344,nan,nan,nan,nan,nan,nan,nan,nan,0.17623072862625122
1775886064841835264,20300000,20300000,0,0.1880853772163391,0.19325515627861023,0.20490559935569763,0.17021584510803223,nan,nan,nan,nan,nan,nan,nan,nan,0.20490559935569763
1775886064941835264,20400000,20400000,0,0.21988770365715027,0.22838911414146423,0.2413569837808609,0.20071114599704742,nan,nan,nan,nan,nan,nan,nan,nan,0.2413569837808609
1775886065041835264,20500000,20500000,0,0.2518773078918457,0.26487064361572266,0.2773711681365967,0.23288913071155548,nan,nan,nan,nan,nan,nan,nan,nan,0.2773711681365967
1775886065141835264,20600000,20600000,0,0.29022255539894104,0.30582350492477417,0.31974467635154724,0.2688913643360138,nan,nan,nan,nan,nan,nan,nan,nan,0.31974467635154724
1775886065241835264,20700000,20700000,0,0.33004289865493774,0.34723931550979614,0.3630576431751251,0.3055879771709442,nan,nan,nan,nan,nan,nan,nan,nan,0.3630576431751251
1775886065341835264,20800000,20800000,0,0.368754506111145,0.39001816511154175,0.4053611159324646,0.3439520597457886,nan,nan,nan,nan,nan,nan,nan,nan,0.4053611159324646
1775886065441835264,20900000,20900000,0,0.4112345278263092,0.4343487620353699,0.4489487409591675,0.3866726756095886,nan,nan,nan,nan,nan,nan,nan,nan,0.4489487409591675
1775886065541835264,21000000,21000000,0,0.46045300364494324,0.48637357354164124,0.5008347034454346,0.4359329044818878,nan,nan,nan,nan,nan,nan,nan,nan,0.5008347034454346
1775886065641835264,21100000,21100000,0,0.5067525506019592,0.5337645411491394,0.5482795834541321,0.48224347829818726,nan,nan,nan,nan,nan,nan,nan,nan,0.5482795834541321
1775886065741835264,21200000,21200000,0,0.561545193195343,0.5892278552055359,0.6036853194236755,0.5379221439361572,nan,nan,nan,nan,nan,nan,nan,nan,0.6036853194236755
1775886065841835264,21300000,21300000,0,0.6120115518569946,0.6413888931274414,0.6559807658195496,0.5887476801872253,nan,nan,nan,nan,nan,nan,nan,nan,0.6559807658195496
1775886065941835264,21400000,21400000,0,0.6564651131629944,0.6853770017623901,0.7006130218505859,0.6326926350593567,nan,nan,nan,nan,nan,nan,nan,nan,0.7006130218505859
1775886066041835264,21500000,21500000,0,0.7292163968086243,0.7514998316764832,0.76751309633255,0.7027184963226318,nan,nan,nan,nan,nan,nan,nan,nan,0.76751309633255
1775886066133835264,21592000,21592000,0,0.7892535924911499,0.7901140451431274,0.7761762142181396,0.7797248959541321,nan,nan,nan,nan,nan,nan,nan,nan,0.7901140451431274
1775886066241835264,21700000,21700000,0,0.8202139735221863,0.811840832233429,0.7989357709884644,0.8147016763687134,nan,nan,nan,nan,nan,nan,nan,nan,0.8202139735221863
1775886066341835264,21800000,21800000,0,0.8320174813270569,0.8269798159599304,0.8187576532363892,0.8272077441215515,nan,nan,nan,nan,nan,nan,nan,nan,0.8320174813270569
1775886066441835264,21900000,21900000,0,0.8015432357788086,0.8011074066162109,0.7976307272911072,0.7964884042739868,nan,nan,nan,nan,nan,nan,nan,nan,0.8015432357788086
1775886066541835264,22000000,22000000,0,0.7509499192237854,0.7544446587562561,0.7532786726951599,0.7479183077812195,nan,nan,nan,nan,nan,nan,nan,nan,0.7544446587562561
1775886066641835264,22100000,22100000,0,0.7257162928581238,0.7282472848892212,0.7280756831169128,0.7250795364379883,nan,nan,nan,nan,nan,nan,nan,nan,0.7282472848892212
1775886066741835264,22200000,22200000,0,0.7140299677848816,0.7147611975669861,0.7161204218864441,0.7139062881469727,nan,nan,nan,nan,nan,nan,nan,nan,0.7161204218864441
1775886066845835264,22304000,22304000,0,0.7063943147659302,0.7072058320045471,0.7083803415298462,0.7060391902923584,nan,nan,nan,nan,nan,nan,nan,nan,0.7083803415298462
1775886066941835264,22400000,22400000,0,0.7047340273857117,0.7046191096305847,0.7050524353981018,0.7037451863288879,nan,nan,nan,nan,nan,nan,nan,nan,0.7050524353981018
1775886067041835264,22500000,22500000,0,0.7043130993843079,0.7054749727249146,0.7044649124145508,0.7037756443023682,nan,nan,nan,nan,nan,nan,nan,nan,0.7054749727249146
1775886067141835264,22600000,22600000,0,0.7063482403755188,0.7070899605751038,0.7061021327972412,0.7055879235267639,nan,nan,nan,nan,nan,nan,nan,nan,0.7070899605751038
1775886067241835264,22700000,22700000,0,0.7106249928474426,0.7092130780220032,0.710152268409729,0.7081859111785889,nan,nan,nan,nan,nan,nan,nan,nan,0.7106249928474426
1775886067341835264,22800000,22800000,0,0.7125360369682312,0.7135995030403137,0.7130353450775146,0.7122974395751953,nan,nan,nan,nan,nan,nan,nan,nan,0.7135995030403137
1775886067445835264,22904000,22900000,0,0.7130954265594482,0.7148326635360718,0.7145470976829529,0.7138888239860535,nan,nan,nan,nan,nan,nan,nan,nan,0.7148326635360718
1775886067541835264,23000000,23000000,0,0.7120711207389832,0.7143198847770691,0.7136049866676331,0.7141590714454651,nan,nan,nan,nan,nan,nan,nan,nan,0.7143198847770691
1775886067645835264,23104000,23100000,0,0.7131091356277466,0.713055431842804,0.7138622403144836,0.7137554287910461,nan,nan,nan,nan,nan,nan,nan,nan,0.7138622403144836
1775886067741835264,23200000,23200000,0,0.7146444916725159,0.7141631841659546,0.7151556611061096,0.7149178981781006,nan,nan,nan,nan,nan,nan,nan,nan,0.7151556611061096
1775886067841835264,23300000,23300000,0,0.7146443128585815,0.7133715748786926,0.714114785194397,0.7146145701408386,nan,nan,nan,nan,nan,nan,nan,nan,0.7146443128585815
1775886067941835264,23400000,23400000,0,0.7161372900009155,0.7161446213722229,0.7169079184532166,0.7171266674995422,nan,nan,nan,nan,nan,nan,nan,nan,0.7171266674995422
1775886068045835264,23504000,23504000,0,0.7191923260688782,0.719739556312561,0.7201710343360901,0.7209196090698242,nan,nan,nan,nan,nan,nan,nan,nan,0.7209196090698242
1775886068141835264,23600000,23600000,0,0.7226486206054688,0.7222443222999573,0.7236830592155457,0.7230672836303711,nan,nan,nan,nan,nan,nan,nan,nan,0.7236830592155457
1775886068241835264,23700000,23700000,0,0.7236829996109009,0.7228890061378479,0.7246812582015991,0.7251259684562683,nan,nan,nan,nan,nan,nan,nan,nan,0.7251259684562683
1775886068341835264,23800000,23800000,0,0.7230175137519836,0.722905158996582,0.7242220640182495,0.7253103852272034,nan,nan,nan,nan,nan,nan,nan,nan,0.7253103852272034
1775886068441835264,23900000,23900000,0,0.7221934199333191,0.7222105860710144,0.7241726517677307,0.7238272428512573,nan,nan,nan,nan,nan,nan,nan,nan,0.7241726517677307
1775886068541835264,24000000,24000000,0,0.7206369042396545,0.720231831073761,0.7213767766952515,0.7227256894111633,nan,nan,nan,nan,nan,nan,nan,nan,0.7227256894111633
1775886068641835264,24100000,24100000,0,0.7206752896308899,0.7201204299926758,0.7206137180328369,0.7220596671104431,nan,nan,nan,nan,nan,nan,nan,nan,0.7220596671104431
1775886068741835264,24200000,24200000,0,0.7228168249130249,0.7210716605186462,0.7218474745750427,0.7226248383522034,nan,nan,nan,nan,nan,nan,nan,nan,0.7228168249130249
1775886068841835264,24300000,24300000,0,0.7238035798072815,0.7222664952278137,0.7234085202217102,0.7239891290664673,nan,nan,nan,nan,nan,nan,nan,nan,0.7239891290664673
1775886068941835264,24400000,24400000,0,0.7220186591148376,0.7218015789985657,0.7226621508598328,0.7234610319137573,nan,nan,nan,nan,nan,nan,nan,nan,0.7234610319137573
1775886069041835264,24500000,24500000,0,0.720897912979126,0.7208248376846313,0.7207545042037964,0.7228638529777527,nan,nan,nan,nan,nan,nan,nan,nan,0.7228638529777527
1775886069141835264,24600000,24600000,0,0.7217071652412415,0.7218524813652039,0.7215298414230347,0.7231160998344421,nan,nan,nan,nan,nan,nan,nan,nan,0.7231160998344421
1775886069241835264,24700000,24700000,0,0.724427342414856,0.7222017049789429,0.7229370474815369,0.7241697907447815,nan,nan,nan,nan,nan,nan,nan,nan,0.724427342414856
1775886069341835264,24800000,24800000,0,0.7241011261940002,0.7245053052902222,0.7237478494644165,0.7238237261772156,nan,nan,nan,nan,nan,nan,nan,nan,0.7245053052902222
1775886069441835264,24900000,24900000,0,0.7275740504264832,0.7280693054199219,0.7267575860023499,0.7268142700195312,nan,nan,nan,nan,nan,nan,nan,nan,0.7280693054199219
1775886069545835264,25004000,25004000,0,0.7300150394439697,0.7308229207992554,0.729447603225708,0.728620707988739,nan,nan,nan,nan,nan,nan,nan,nan,0.7308229207992554
1775886069645835264,25104000,25104000,0,0.7286425232887268,0.7292400598526001,0.7280145883560181,0.7265958786010742,nan,nan,nan,nan,nan,nan,nan,nan,0.7292400598526001
1775886069741835264,25200000,25200000,0,0.7319527864456177,0.7324061393737793,0.7183504700660706,0.7170945405960083,nan,nan,nan,nan,nan,nan,nan,nan,0.7324061393737793
1775886069841835264,25300000,25300000,0,0.7292830348014832,0.7290164232254028,0.7205014228820801,0.7209782600402832,nan,nan,nan,nan,nan,nan,nan,nan,0.7292830348014832
1775886069941835264,25400000,25400000,0,0.7231355309486389,0.7222264409065247,0.7221651077270508,0.7223207354545593,nan,nan,nan,nan,nan,nan,nan,nan,0.7231355309486389
1775886070041835264,25500000,25500000,0,0.7197748422622681,0.720147430896759,0.7257818579673767,0.7272831201553345,nan,nan,nan,nan,nan,nan,nan,nan,0.7272831201553345
1775886070141835264,25600000,25600000,0,0.7202329039573669,0.7213664650917053,0.7289288640022278,0.7303898334503174,nan,nan,nan,nan,nan,nan,nan,nan,0.7303898334503174
1775886070237835264,25696000,25696000,0,0.7220911979675293,0.7223219871520996,0.7299892902374268,0.7297688126564026,nan,nan,nan,nan,nan,nan,nan,nan,0.7299892902374268
1775886070341835264,25800000,25800000,0,0.7266497015953064,0.7251681685447693,0.7299086451530457,0.7289270758628845,nan,nan,nan,nan,nan,nan,nan,nan,0.7299086451530457
1775886070441835264,25900000,25900000,0,0.727005124092102,0.7275137305259705,0.7273701429367065,0.7278440594673157,nan,nan,nan,nan,nan,nan,nan,nan,0.7278440594673157
1775886070541835264,26000000,26000000,0,0.7302045822143555,0.7290493249893188,0.7276540994644165,0.7260375618934631,nan,nan,nan,nan,nan,nan,nan,nan,0.7302045822143555
1775886070641835264,26100000,26100000,0,0.7311936616897583,0.7299804091453552,0.7252603769302368,0.7265037298202515,nan,nan,nan,nan,nan,nan,nan,nan,0.7311936616897583
1775886070741835264,26200000,26200000,0,0.7307482361793518,0.7298634648323059,0.7239212989807129,0.7252615690231323,nan,nan,nan,nan,nan,nan,nan,nan,0.7307482361793518
1775886070841835264,26300000,26300000,0,0.7308869361877441,0.7299938201904297,0.7239312529563904,0.7250009179115295,nan,nan,nan,nan,nan,nan,nan,nan,0.7308869361877441
1775886070941835264,26400000,26400000,0,0.7295544743537903,0.7289349436759949,0.7246411442756653,0.7253143191337585,nan,nan,nan,nan,nan,nan,nan,nan,0.7295544743537903
1775886071041835264,26500000,26500000,0,0.7268747091293335,0.7267041802406311,0.7252722978591919,0.723757266998291,nan,nan,nan,nan,nan,nan,nan,nan,0.7268747091293335
1775886071141835264,26600000,26600000,0,0.7256231904029846,0.7260472178459167,0.7258186936378479,0.7243825793266296,nan,nan,nan,nan,nan,nan,nan,nan,0.7260472178459167
1775886071241835264,26700000,26700000,0,0.7263494729995728,0.7259790897369385,0.7270410656929016,0.726664662361145,nan,nan,nan,nan,nan,nan,nan,nan,0.7270410656929016
1775886071341835264,26800000,26800000,0,0.7238612174987793,0.7228944897651672,0.7251408100128174,0.7252912521362305,nan,nan,nan,nan,nan,nan,nan,nan,0.7252912521362305
1775886071441835264,26900000,26900000,0,0.7208808064460754,0.7205986976623535,0.7233473658561707,0.7224100232124329,nan,nan,nan,nan,nan,nan,nan,nan,0.7233473658561707
1775886071545835264,27004000,27004000,0,0.7186613082885742,0.7201226353645325,0.7221957445144653,0.7206984162330627,nan,nan,nan,nan,nan,nan,nan,nan,0.7221957445144653
1775886071641835264,27100000,27100000,0,0.7204456925392151,0.7201601266860962,0.7229030728340149,0.7210912704467773,nan,nan,nan,nan,nan,nan,nan,nan,0.7229030728340149
1775886071741835264,27200000,27200000,0,0.7238763570785522,0.724441647529602,0.7256165146827698,0.7251331806182861,nan,nan,nan,nan,nan,nan,nan,nan,0.7256165146827698
1775886071841835264,27300000,27300000,0,0.7288561463356018,0.7294378280639648,0.7304887175559998,0.730694055557251,nan,nan,nan,nan,nan,nan,nan,nan,0.730694055557251
1775886071941835264,27400000,27400000,0,0.727178156375885,0.7279015183448792,0.7294527888298035,0.7305178642272949,nan,nan,nan,nan,nan,nan,nan,nan,0.7305178642272949
1775886072041835264,27500000,27500000,0,0.7245263457298279,0.7255562543869019,0.7289332747459412,0.7281274795532227,nan,nan,nan,nan,nan,nan,nan,nan,0.7289332747459412
1775886072141835264,27600000,27600000,0,0.7241241931915283,0.7237926721572876,0.7278625965118408,0.7282807230949402,nan,nan,nan,nan,nan,nan,nan,nan,0.7282807230949402
1775886072241835264,27700000,27700000,0,0.7237401008605957,0.7231927514076233,0.7277025580406189,0.7282023429870605,nan,nan,nan,nan,nan,nan,nan,nan,0.7282023429870605
1775886072341835264,27800000,27800000,0,0.7210166454315186,0.721027135848999,0.7252905964851379,0.7258480787277222,nan,nan,nan,nan,nan,nan,nan,nan,0.7258480787277222
1775886072441835264,27900000,27900000,0,0.7201587557792664,0.7208918929100037,0.724883496761322,0.7245571613311768,nan,nan,nan,nan,nan,nan,nan,nan,0.724883496761322
1775886072545835264,28004000,28004000,0,0.7215948700904846,0.7232412099838257,0.7254123687744141,0.7254632711410522,nan,nan,nan,nan,nan,nan,nan,nan,0.7254632711410522
1775886072641835264,28100000,28100000,0,0.1029573529958725,0.08420421183109283,1.0,0.9962801933288574,nan,nan,nan,nan,nan,nan,nan,nan,1.0
1775886072741835264,28200000,28200000,0,0.10611133277416229,0.11045670509338379,1.0,0.9932265281677246,nan,nan,nan,nan,nan,nan,nan,nan,1.0
1775886072841835264,28300000,28300000,0,0.19591976702213287,0.21540787816047668,1.0,0.9944676160812378,nan,nan,nan,nan,nan,nan,nan,nan,1.0
1775886072941835264,28400000,28400000,0,0.3836829662322998,0.39727845788002014,1.0,0.9956561326980591,nan,nan,nan,nan,nan,nan,nan,nan,1.0
1775886073041835264,28500000,28500000,0,0.5628547072410583,0.5655505061149597,0.8752320408821106,0.8730514645576477,nan,nan,nan,nan,nan,nan,nan,nan,0.8752320408821106
1775886073141835264,28600000,28600000,0,0.6921531558036804,0.6885073184967041,0.74625164270401,0.7473214268684387,nan,nan,nan,nan,nan,nan,nan,nan,0.7473214268684387
1775886073241835264,28700000,28700000,0,0.813999354839325,0.8102667331695557,0.6272528767585754,0.6310785412788391,nan,nan,nan,nan,nan,nan,nan,nan,0.813999354839325
1775886073337835264,28796000,28796000,0,0.8778637051582336,0.8751816153526306,0.5695206522941589,0.5729193687438965,nan,nan,nan,nan,nan,nan,nan,nan,0.8778637051582336
1775886073441835264,28900000,28900000,0,0.9451324939727783,0.9503951072692871,0.5715230703353882,0.46793997287750244,nan,nan,nan,nan,nan,nan,nan,nan,0.9503951072692871
1775886073545835264,29004000,29000000,0,0.9416252374649048,0.9422492384910583,0.47760242223739624,0.5322790741920471,nan,nan,nan,nan,nan,nan,nan,nan,0.9422492384910583
1775886073641835264,29100000,29100000,0,0.9291446208953857,0.9252985715866089,0.4786851704120636,0.5404531359672546,nan,nan,nan,nan,nan,nan,nan,nan,0.9291446208953857
1775886073741835264,29200000,29200000,0,0.9131034016609192,0.9059247374534607,0.5189379453659058,0.5277639627456665,nan,nan,nan,nan,nan,nan,nan,nan,0.9131034016609192
1775886073841835264,29300000,29300000,0,0.8782671093940735,0.8769078254699707,0.5655438303947449,0.548845112323761,nan,nan,nan,nan,nan,nan,nan,nan,0.8782671093940735
1775886073941835264,29400000,29400000,0,0.8435768485069275,0.8445624113082886,0.6106835007667542,0.5779780149459839,nan,nan,nan,nan,nan,nan,nan,nan,0.8445624113082886
1775886074041835264,29500000,29500000,0,0.8041578531265259,0.8127259612083435,0.6364016532897949,0.6219863295555115,nan,nan,nan,nan,nan,nan,nan,nan,0.8127259612083435
1775886074141835264,29600000,29600000,0,0.7723938226699829,0.7769530415534973,0.6605152487754822,0.6617377996444702,nan,nan,nan,nan,nan,nan,nan,nan,0.7769530415534973
1775886074241835264,29700000,29696000,0,0.7422806024551392,0.7496298551559448,0.679745614528656,0.7010310292243958,nan,nan,nan,nan,nan,nan,nan,nan,0.7496298551559448
1775886074341835264,29800000,29800000,0,0.7249082326889038,0.7193989753723145,0.71182781457901,0.7304278612136841,nan,nan,nan,nan,nan,nan,nan,nan,0.7304278612136841
1775886074433835264,29892000,29892000,0,0.715132474899292,0.6977818608283997,0.7462564706802368,0.7456678152084351,nan,nan,nan,nan,nan,nan,nan,nan,0.7462564706802368
1775886074541835264,30000000,30000000,0,0.6911783814430237,0.6904760003089905,0.7734968662261963,0.7621403932571411,nan,nan,nan,nan,nan,nan,nan,nan,0.7734968662261963
1775886074641835264,30100000,30100000,0,0.6755211353302002,0.6910468339920044,0.7779711484909058,0.7724435329437256,nan,nan,nan,nan,nan,nan,nan,nan,0.7779711484909058
1775886074741835264,30200000,30200000,0,0.6684584021568298,0.6890019774436951,0.7807700634002686,0.7539728879928589,nan,nan,nan,nan,nan,nan,nan,nan,0.7807700634002686
1775886074837835264,30296000,30296000,0,0.6692691445350647,0.6964699029922485,0.7543074488639832,0.7574952840805054,nan,nan,nan,nan,nan,nan,nan,nan,0.7574952840805054
1775886074941835264,30400000,30400000,0,0.6954415440559387,0.6909197568893433,0.7380440831184387,0.746394157409668,nan,nan,nan,nan,nan,nan,nan,nan,0.746394157409668
1775886075041835264,30500000,30500000,0,0.7120237350463867,0.7168459892272949,0.7168497443199158,0.7479642033576965,nan,nan,nan,nan,nan,nan,nan,nan,0.7479642033576965
1775886075141835264,30600000,30600000,0,0.7397714257240295,0.7178214192390442,0.7275822162628174,0.7393774390220642,nan,nan,nan,nan,nan,nan,nan,nan,0.7397714257240295
1775886075241835264,30700000,30700000,0,0.7475801706314087,0.7250548005104065,0.7396801710128784,0.7400543093681335,nan,nan,nan,nan,nan,nan,nan,nan,0.7475801706314087
1775886075341835264,30800000,30800000,0,0.7404214143753052,0.7306577563285828,0.7547256946563721,0.7390393614768982,nan,nan,nan,nan,nan,nan,nan,nan,0.7547256946563721
1775886075441835264,30900000,30900000,0,0.7312162518501282,0.7182434797286987,0.7635058760643005,0.7423397302627563,nan,nan,nan,nan,nan,nan,nan,nan,0.7635058760643005
1775886075541835264,31000000,31000000,0,0.7155250906944275,0.7220797538757324,0.7650213241577148,0.7432965040206909,nan,nan,nan,nan,nan,nan,nan,nan,0.7650213241577148
1775886075641835264,31100000,31100000,0,0.7070723176002502,0.7322789430618286,0.759809136390686,0.7463157176971436,nan,nan,nan,nan,nan,nan,nan,nan,0.759809136390686
1775886075741835264,31200000,31200000,0,0.7160564661026001,0.734799325466156,0.7549778819084167,0.7504980564117432,nan,nan,nan,nan,nan,nan,nan,nan,0.7549778819084167
1775886075849835264,31308000,31308000,0,0.733146607875824,0.7407817840576172,0.7496695518493652,0.7486792206764221,nan,nan,nan,nan,nan,nan,nan,nan,0.7496695518493652
1775886075949835264,31408000,31408000,0,0.7511270642280579,0.7375696301460266,0.740692675113678,0.7371557950973511,nan,nan,nan,nan,nan,nan,nan,nan,0.7511270642280579
1775886076037835264,31496000,31496000,0,0.750569760799408,0.7465320825576782,0.7285168170928955,0.7331201434135437,nan,nan,nan,nan,nan,nan,nan,nan,0.750569760799408
1775886076141835264,31600000,31600000,0,0.758263111114502,0.7362040281295776,0.7207857966423035,0.7107958793640137,nan,nan,nan,nan,nan,nan,nan,nan,0.758263111114502
1775886076241835264,31700000,31700000,0,0.7385063767433167,0.747794508934021,0.710204541683197,0.7126125693321228,nan,nan,nan,nan,nan,nan,nan,nan,0.747794508934021
1775886076341835264,31800000,31800000,0,0.7239654660224915,0.7519928216934204,0.7178462743759155,0.7173008322715759,nan,nan,nan,nan,nan,nan,nan,nan,0.7519928216934204
1775886076441835264,31900000,31900000,0,0.7186689972877502,0.7511314749717712,0.7259524464607239,0.7307255268096924,nan,nan,nan,nan,nan,nan,nan,nan,0.7511314749717712
1775886076541835264,32000000,32000000,0,0.7335183024406433,0.7341797947883606,0.7388092875480652,0.7340744733810425,nan,nan,nan,nan,nan,nan,nan,nan,0.7388092875480652
1775886076641835264,32100000,32100000,0,0.738228440284729,0.7275578379631042,0.7370474934577942,0.7370492815971375,nan,nan,nan,nan,nan,nan,nan,nan,0.738228440284729
1775886076741835264,32200000,32200000,0,0.7463866472244263,0.714569091796875,0.7254036068916321,0.7252317667007446,nan,nan,nan,nan,nan,nan,nan,nan,0.7463866472244263
1775886076841835264,32300000,32300000,0,0.7477041482925415,0.710605800151825,0.7134943008422852,0.711721658706665,nan,nan,nan,nan,nan,nan,nan,nan,0.7477041482925415
1775886076941835264,32400000,32400000,0,0.7294049859046936,0.729482114315033,0.7002056837081909,0.7054029703140259,nan,nan,nan,nan,nan,nan,nan,nan,0.729482114315033
1775886077041835264,32500000,32500000,0,0.7209570407867432,0.7398682236671448,0.6980177164077759,0.700367271900177,nan,nan,nan,nan,nan,nan,nan,nan,0.7398682236671448
1775886077137835264,32596000,32596000,0,0.7190289497375488,0.7440136671066284,0.7051012516021729,0.6992944478988647,nan,nan,nan,nan,nan,nan,nan,nan,0.7440136671066284
1775886077241835264,32700000,32700000,0,0.7090787291526794,0.7394848465919495,0.7204036712646484,0.7121710777282715,nan,nan,nan,nan,nan,nan,nan,nan,0.7394848465919495
1775886077341835264,32800000,32800000,0,0.7086064219474792,0.7208141088485718,0.7336646318435669,0.7265530228614807,nan,nan,nan,nan,nan,nan,nan,nan,0.7336646318435669
1775886077441835264,32900000,32900000,0,0.7065666913986206,0.7039892673492432,0.7384884357452393,0.7378436326980591,nan,nan,nan,nan,nan,nan,nan,nan,0.7384884357452393
1775886077541835264,33000000,33000000,0,0.7026129961013794,0.6937273740768433,0.7491359114646912,0.740540087223053,nan,nan,nan,nan,nan,nan,nan,nan,0.7491359114646912
1775886077641835264,33100000,33100000,0,0.71217942237854,0.6923930644989014,0.7442007660865784,0.7474136352539062,nan,nan,nan,nan,nan,nan,nan,nan,0.7474136352539062
1775886077741835264,33200000,33200000,0,0.72102290391922,0.7073215246200562,0.738047182559967,0.7505751252174377,nan,nan,nan,nan,nan,nan,nan,nan,0.7505751252174377
1775886077841835264,33300000,33300000,0,0.7307263612747192,0.7274280190467834,0.7369809746742249,0.7448463439941406,nan,nan,nan,nan,nan,nan,nan,nan,0.7448463439941406
1775886077941835264,33400000,33400000,0,0.7346041798591614,0.757727324962616,0.7198216319084167,0.7386986017227173,nan,nan,nan,nan,nan,nan,nan,nan,0.757727324962616
1775886078041835264,33500000,33500000,0,0.7367673516273499,0.7635929584503174,0.7141894102096558,0.7206648588180542,nan,nan,nan,nan,nan,nan,nan,nan,0.7635929584503174
1775886078141835264,33600000,33600000,0,0.7426648736000061,0.7536723613739014,0.7127442955970764,0.6999703645706177,nan,nan,nan,nan,nan,nan,nan,nan,0.7536723613739014
1775886078241835264,33700000,33700000,0,0.7469494938850403,0.7378004789352417,0.710852324962616,0.6925360560417175,nan,nan,nan,nan,nan,nan,nan,nan,0.7469494938850403
1775886078341835264,33800000,33800000,0,0.7431406378746033,0.7304064035415649,0.7078108191490173,0.7031476497650146,nan,nan,nan,nan,nan,nan,nan,nan,0.7431406378746033
1775886078441835264,33900000,33900000,0,0.7536587119102478,0.719089150428772,0.7217250466346741,0.7180771231651306,nan,nan,nan,nan,nan,nan,nan,nan,0.7536587119102478
1775886078541835264,34000000,34000000,0,0.7468144297599792,0.7298069000244141,0.7264869809150696,0.7356285452842712,nan,nan,nan,nan,nan,nan,nan,nan,0.7468144297599792
1775886078641835264,34100000,34100000,0,0.7325878143310547,0.7475982904434204,0.7330993413925171,0.7415773868560791,nan,nan,nan,nan,nan,nan,nan,nan,0.7475982904434204
1775886078741835264,34200000,34200000,0,0.7246761918067932,0.75413978099823,0.7273485064506531,0.7426491975784302,nan,nan,nan,nan,nan,nan,nan,nan,0.75413978099823
1775886078845835264,34304000,34304000,0,0.714383065700531,0.7291676998138428,0.752082109451294,0.7315276265144348,nan,nan,nan,nan,nan,nan,nan,nan,0.752082109451294
1775886078945835264,34404000,34400000,0,0.7240099906921387,0.7178891897201538,0.7426823377609253,0.739283561706543,nan,nan,nan,nan,nan,nan,nan,nan,0.7426823377609253
1775886079041835264,34500000,34500000,0,0.722944438457489,0.7176743149757385,0.7392359972000122,0.7401617765426636,nan,nan,nan,nan,nan,nan,nan,nan,0.7401617765426636
1775886079141835264,34600000,34600000,0,0.7208561897277832,0.719886064529419,0.7385196089744568,0.7374499440193176,nan,nan,nan,nan,nan,nan,nan,nan,0.7385196089744568
1775886079237835264,34696000,34696000,0,0.7198805809020996,0.721478283405304,0.7368695139884949,0.734197199344635,nan,nan,nan,nan,nan,nan,nan,nan,0.7368695139884949
1775886079341835264,34800000,34800000,0,0.7204276323318481,0.722089409828186,0.7344313859939575,0.7306954264640808,nan,nan,nan,nan,nan,nan,nan,nan,0.7344313859939575
1775886079441835264,34900000,34900000,0,0.7219123244285583,0.7238283753395081,0.732346773147583,0.7287490963935852,nan,nan,nan,nan,nan,nan,nan,nan,0.732346773147583
1775886079541835264,35000000,35000000,0,0.7233269214630127,0.7255281209945679,0.72991544008255,0.7267926335334778,nan,nan,nan,nan,nan,nan,nan,nan,0.72991544008255
1775886079645835264,35104000,35104000,0,0.7247180938720703,0.7271621227264404,0.7281745672225952,0.7248111963272095,nan,nan,nan,nan,nan,nan,nan,nan,0.7281745672225952
1775886079741835264,35200000,35200000,0,0.7106855511665344,0.7096459865570068,0.6696668863296509,0.6968311071395874,nan,nan,nan,nan,nan,nan,nan,nan,0.7106855511665344
1775886079841835264,35300000,35300000,0,0.6955636739730835,0.6737507581710815,0.6618777513504028,0.6749449968338013,nan,nan,nan,nan,nan,nan,nan,nan,0.6955636739730835
1775886079941835264,35400000,35400000,0,0.6697449684143066,0.6598005890846252,0.6522569060325623,0.6582221388816833,nan,nan,nan,nan,nan,nan,nan,nan,0.6697449684143066
1775886080041835264,35500000,35500000,0,0.6512539982795715,0.6705449223518372,0.6666316390037537,0.6454203128814697,nan,nan,nan,nan,nan,nan,nan,nan,0.6705449223518372
1775886080141835264,35600000,35600000,0,0.6331849098205566,0.6403263211250305,0.6396684646606445,0.6318075060844421,nan,nan,nan,nan,nan,nan,nan,nan,0.6403263211250305
1775886080241835264,35700000,35696000,0,0.6819227933883667,0.6896945238113403,0.6918849945068359,0.6816276907920837,nan,nan,nan,nan,nan,nan,nan,nan,0.6918849945068359
1775886080341835264,35800000,35800000,0,0.7044041752815247,0.7236067652702332,0.7251471877098083,0.7071385979652405,nan,nan,nan,nan,nan,nan,nan,nan,0.7251471877098083
1775886080441835264,35900000,35900000,0,0.7306438684463501,0.7404331564903259,0.7431891560554504,0.7323645353317261,nan,nan,nan,nan,nan,nan,nan,nan,0.7431891560554504
1775886080541835264,36000000,36000000,0,0.7499393224716187,0.7565619349479675,0.7599143385887146,0.7535591721534729,nan,nan,nan,nan,nan,nan,nan,nan,0.7599143385887146
1775886080641835264,36100000,36100000,0,0.7569724321365356,0.7496394515037537,0.7566401362419128,0.7604970932006836,nan,nan,nan,nan,nan,nan,nan,nan,0.7604970932006836
1775886080741835264,36200000,36200000,0,0.7311757206916809,0.7360899448394775,0.7411314249038696,0.7450326681137085,nan,nan,nan,nan,nan,nan,nan,nan,0.7450326681137085
1775886080841835264,36300000,36300000,0,0.7364953756332397,0.7166765332221985,0.7266579270362854,0.7531349658966064,nan,nan,nan,nan,nan,nan,nan,nan,0.7531349658966064
1775886080941835264,36400000,36400000,0,0.7251577377319336,0.7110104560852051,0.7240650057792664,0.7415879964828491,nan,nan,nan,nan,nan,nan,nan,nan,0.7415879964828491
1775886081041835264,36500000,36500000,0,0.7208112478256226,0.7250475287437439,0.7401289343833923,0.7343981266021729,nan,nan,nan,nan,nan,nan,nan,nan,0.7401289343833923
1775886081145835264,36604000,36604000,0,0.7175231575965881,0.7240970134735107,0.7351719737052917,0.7299501895904541,nan,nan,nan,nan,nan,nan,nan,nan,0.7351719737052917
1775886081241835264,36700000,36700000,0,0.7249363660812378,0.7278905510902405,0.734997570514679,0.7327711582183838,nan,nan,nan,nan,nan,nan,nan,nan,0.734997570514679
1775886081341835264,36800000,36800000,0,0.7268878221511841,0.7282208204269409,0.7329612970352173,0.7294575572013855,nan,nan,nan,nan,nan,nan,nan,nan,0.7329612970352173
1775886081441835264,36900000,36900000,0,0.7203218936920166,0.720343828201294,0.7212671041488647,0.7208291888237,nan,nan,nan,nan,nan,nan,nan,nan,0.7212671041488647
1775886081541835264,37000000,37000000,0,0.7271338105201721,0.7250356078147888,0.7206210494041443,0.7256501913070679,nan,nan,nan,nan,nan,nan,nan,nan,0.7271338105201721
1775886081645835264,37104000,37104000,0,0.7289313077926636,0.7241103053092957,0.7188658118247986,0.7198710441589355,nan,nan,nan,nan,nan,nan,nan,nan,0.7289313077926636
1775886081741835264,37200000,37200000,0,0.7282876372337341,0.7296953201293945,0.7206079363822937,0.7192099094390869,nan,nan,nan,nan,nan,nan,nan,nan,0.7296953201293945
1775886081841835264,37300000,37300000,0,0.7306439280509949,0.732937216758728,0.7228108048439026,0.7194191217422485,nan,nan,nan,nan,nan,nan,nan,nan,0.732937216758728
1775886081941835264,37400000,37400000,0,0.7296976447105408,0.7292981743812561,0.7178272008895874,0.7205031514167786,nan,nan,nan,nan,nan,nan,nan,nan,0.7296976447105408
1775886082041835264,37500000,37500000,0,0.7310843467712402,0.7295396327972412,0.72271728515625,0.721179723739624,nan,nan,nan,nan,nan,nan,nan,nan,0.7310843467712402
1775886082141835264,37600000,37600000,0,0.7344416975975037,0.7336218357086182,0.7293123006820679,0.728079080581665,nan,nan,nan,nan,nan,nan,nan,nan,0.7344416975975037
1775886082241835264,37700000,37700000,0,0.7311601638793945,0.730322003364563,0.7286978363990784,0.7281554341316223,nan,nan,nan,nan,nan,nan,nan,nan,0.7311601638793945
1775886082345835264,37804000,37800000,0,0.7326576113700867,0.7327473163604736,0.7329720854759216,0.7318200469017029,nan,nan,nan,nan,nan,nan,nan,nan,0.7329720854759216
1775886082441835264,37900000,37896000,0,0.7290318012237549,0.7282069325447083,0.7283892035484314,0.7309854030609131,nan,nan,nan,nan,nan,nan,nan,nan,0.7309854030609131
1775886082537835264,37996000,37996000,0,0.5450383424758911,0.48140519857406616,0.5107994079589844,0.5868918299674988,nan,nan,nan,nan,nan,nan,nan,nan,0.5868918299674988
1775886082641835264,38100000,38100000,0,0.5066202282905579,0.47845157980918884,0.48481395840644836,0.5251247882843018,nan,nan,nan,nan,nan,nan,nan,nan,0.5251247882843018
1775886082741835264,38200000,38200000,0,0.47735846042633057,0.4418512284755707,0.44325393438339233,0.5037997961044312,nan,nan,nan,nan,nan,nan,nan,nan,0.5037997961044312
1775886082841835264,38300000,38300000,0,0.44328293204307556,0.40318411588668823,0.4048497974872589,0.4722284972667694,nan,nan,nan,nan,nan,nan,nan,nan,0.4722284972667694
1775886082941835264,38400000,38400000,0,0.4109615087509155,0.3615475296974182,0.3659275472164154,0.4392986297607422,nan,nan,nan,nan,nan,nan,nan,nan,0.4392986297607422
1775886083041835264,38500000,38500000,0,0.38476189970970154,0.3266351819038391,0.33394601941108704,0.4124031066894531,nan,nan,nan,nan,nan,nan,nan,nan,0.4124031066894531
1775886083141835264,38600000,38600000,0,0.12937092781066895,0.10692624002695084,0.10396495461463928,0.13973790407180786,nan,nan,nan,nan,nan,nan,nan,nan,0.13973790407180786
1775886083241835264,38700000,38700000,0,0.1294996738433838,0.10678166896104813,0.10408167541027069,0.1396370232105255,nan,nan,nan,nan,nan,nan,nan,nan,0.1396370232105255
1775886083341835264,38800000,38800000,0,0.129764586687088,0.10647676885128021,0.1042255163192749,0.1395331472158432,nan,nan,nan,nan,nan,nan,nan,nan,0.1395331472158432
1775886083441835264,38900000,38900000,0,0.1298919916152954,0.10628125816583633,0.10441485047340393,0.13941192626953125,nan,nan,nan,nan,nan,nan,nan,nan,0.13941192626953125
1775886083537835264,38996000,38996000,0,0.1301068514585495,0.10611285269260406,0.1044701412320137,0.13931018114089966,nan,nan,nan,nan,nan,nan,nan,nan,0.13931018114089966
1775886083641835264,39100000,39100000,0,0.13013961911201477,0.10609249770641327,0.10446671396493912,0.13930121064186096,nan,nan,nan,nan,nan,nan,nan,nan,0.13930121064186096
1775886083741835264,39200000,39200000,0,0.0,0.0020000000949949026,1.3044421098840076e-10,0.0020000010263174772,nan,nan,nan,nan,nan,nan,nan,nan,0.0020000010263174772
1775886083841835264,39300000,39300000,0,5.551781256940558e-12,0.0020000003278255463,0.0,0.0019999993965029716,nan,nan,nan,nan,nan,nan,nan,nan,0.0020000003278255463
1775886083945835264,39404000,39404000,0,1.3149481503660354e-12,0.0020000000949949026,0.0,0.0019999993965029716,nan,nan,nan,nan,nan,nan,nan,nan,0.0020000000949949026
1775886084041835264,39500000,39496000,0,0.0,0.00200000056065619,4.700991818040734e-10,0.0020000010263174772,nan,nan,nan,nan,nan,nan,nan,nan,0.0020000010263174772
1775886084141835264,39600000,39600000,0,1.7747803227052827e-11,0.0020000000949949026,6.807441277345561e-10,0.0019999986980110407,nan,nan,nan,nan,nan,nan,nan,nan,0.0020000000949949026
1775886084249835264,39708000,39704000,0,2.6594282331871e-12,0.0020000010263174772,4.6300185907455216e-10,0.0019999986980110407,nan,nan,nan,nan,nan,nan,nan,nan,0.0020000010263174772
1775886084341835264,39800000,39800000,0,0.0,0.0020000003278255463,2.6291679944279167e-10,0.002000001259148121,nan,nan,nan,nan,nan,nan,nan,nan,0.002000001259148121
1775886084441835264,39900000,39900000,0,1.020739048840369e-12,0.0020000003278255463,0.0,0.002000001724809408,nan,nan,nan,nan,nan,nan,nan,nan,0.002000001724809408
1775886084541835264,40000000,40000000,0,0.0,0.0020000003278255463,5.875209763139821e-10,0.0019999993965029716,nan,nan,nan,nan,nan,nan,nan,nan,0.0020000003278255463
1775886084641835264,40100000,40100000,0,0.0,0.00200000056065619,6.022521370496747e-10,0.0019999986980110407,nan,nan,nan,nan,nan,nan,nan,nan,0.00200000056065619
1775886084729835264,40188000,40188000,0,7.588019101945065e-11,0.0020000000949949026,7.390270617690931e-10,0.0020000003278255463,nan,nan,nan,nan,nan,nan,nan,nan,0.0020000003278255463
1775886084841835264,40300000,40300000,0,3.416644744902442e-11,0.0020000000949949026,7.807408053395193e-10,0.0020000003278255463,nan,nan,nan,nan,nan,nan,nan,nan,0.0020000003278255463
1775886084941835264,40400000,40400000,0,2.1450397014177724e-11,0.0020000003278255463,0.0,0.002000001259148121,nan,nan,nan,nan,nan,nan,nan,nan,0.002000001259148121
1775886085041835264,40500000,40500000,0,1.3601564319287718e-11,0.0020000000949949026,1.028137575076471e-10,0.002000001259148121,nan,nan,nan,nan,nan,nan,nan,nan,0.002000001259148121
1775886085137835264,40596000,40596000,0,0.0,0.0020000000949949026,1.2733142318310797e-10,0.0019999993965029716,nan,nan,nan,nan,nan,nan,nan,nan,0.0020000000949949026
1775886085241835264,40700000,40700000,0,0.0,0.0020000003278255463,5.8901949984147e-10,0.0019999989308416843,nan,nan,nan,nan,nan,nan,nan,nan,0.0020000003278255463
1775886085341835264,40800000,40800000,0,2.2414292644157285e-11,0.0020000003278255463,2.1041635100971234e-10,0.0019999996293336153,nan,nan,nan,nan,nan,nan,nan,nan,0.0020000003278255463
1775886085441835264,40900000,40900000,0,3.042355256610563e-11,0.0020000003278255463,6.680683783955033e-10,0.0020000007934868336,nan,nan,nan,nan,nan,nan,nan,nan,0.0020000007934868336
1775886085541835264,41000000,41000000,0,5.404876546322157e-11,0.0020000003278255463,6.236655636371324e-11,0.002000001259148121,nan,nan,nan,nan,nan,nan,nan,nan,0.002000001259148121
1775886085641835264,41100000,41100000,0,0.0,0.0020000003278255463,2.754429843931927e-11,0.001999999163672328,nan,nan,nan,nan,nan,nan,nan,nan,0.0020000003278255463
1775886085741835264,41200000,41200000,0,0.0020000003278255463,0.0,0.0020000003278255463,0.0,nan,nan,nan,nan,nan,nan,nan,nan,0.0020000003278255463
1775886085841835264,41300000,41300000,0,0.0020000000949949026,0.0,0.00200000056065619,0.0,nan,nan,nan,nan,nan,nan,nan,nan,0.00200000056065619
1775886085941835264,41400000,41400000,0,0.0020000003278255463,0.0,0.00200000056065619,0.0,nan,nan,nan,nan,nan,nan,nan,nan,0.00200000056065619
1775886086041835264,41500000,41500000,0,0.00200000056065619,0.0,0.0020000003278255463,0.0,nan,nan,nan,nan,nan,nan,nan,nan,0.00200000056065619
1775886086145835264,41604000,41604000,0,0.0020000003278255463,0.0,0.0020000003278255463,0.0,nan,nan,nan,nan,nan,nan,nan,nan,0.0020000003278255463
1775886086241835264,41700000,41700000,0,0.0020000000949949026,0.0,0.0020000003278255463,0.0,nan,nan,nan,nan,nan,nan,nan,nan,0.0020000003278255463
1775886086341835264,41800000,41800000,0,0.0020000000949949026,1.1641532182693481e-10,0.0020000003278255463,0.0,nan,nan,nan,nan,nan,nan,nan,nan,0.0020000003278255463
1775886086441835264,41900000,41900000,0,0.0020000000949949026,0.0,0.0020000003278255463,0.0,nan,nan,nan,nan,nan,nan,nan,nan,0.0020000003278255463
1775886086541835264,42000000,42000000,0,0.0020000003278255463,2.3283064365386963e-10,0.001999999862164259,0.0,nan,nan,nan,nan,nan,nan,nan,nan,0.0020000003278255463
1775886086641835264,42100000,42100000,0,0.0020000000949949026,0.0,0.0020000003278255463,0.0,nan,nan,nan,nan,nan,nan,nan,nan,0.0020000003278255463
