received_time_ns,des_roll_rate,roll_rate,roll_out,des_pitch_rate,pitch_rate,pitch_out,des_yaw_rate,yaw_rate,yaw_out
4377415000,0.0,0.003588390536606312,-1.225131290993886e-05,0.0,0.0010116026969626546,-7.31138698029099e-07,-1.0497797120478936e-06,-0.0027597544249147177,-2.1786631805298384e-06
4477375000,0.0,0.0020740358158946037,5.557427812163951e-06,0.0,0.0021550802048295736,-9.152464372164104e-06,-1.0446794931340264e-06,0.002517217304557562,-2.8033030048391083e-06
4577335000,0.0,0.00072068179724738,-1.1290577276668046e-05,0.0,0.0027703435625880957,-1.1373989764251746e-05,2.6497102226130664e-05,0.0026819489430636168,-3.527080707499408e-06
4677295000,0.0,0.0024849707260727882,-3.971613296016585e-07,0.0,0.00010692251817090437,1.1199452956134337e-06,-9.522880191070726e-07,0.005641879513859749,-3.318515155115165e-06
4777255000,0.0,0.0026179414708167315,-8.091556082945317e-06,0.0,0.0034579031635075808,-5.5270584198297e-07,-8.563791311644309e-07,0.004466770216822624,-6.311121524049668e-06
4877215000,0.0,0.003400856629014015,-9.32698640099261e-06,0.0,0.004032441880553961,-2.0191648218315095e-05,-7.949412292873603e-07,0.0025592667516320944,-4.873359557677759e-06
4977175000,0.0,0.003991781733930111,-6.27929694019258e-07,0.0,0.0038794090505689383,-9.589291948941536e-06,-7.710226554991095e-07,0.0004443833022378385,-2.7575065359997097e-06
5077135000,0.0,0.005930236540734768,-4.951411028741859e-06,0.0,0.005198067054152489,-1.539878940093331e-05,-7.250614544318523e-07,0.005916333757340908,-4.662321771320421e-06
5177095000,0.0,0.006296384148299694,-1.85628050530795e-05,0.0,0.001362752402201295,-4.703454123955453e-06,-6.941079959688068e-07,0.0036613228730857372,-3.10848167828226e-06
5277055000,0.0,-0.0002967352920677513,1.8885666577261873e-06,0.0,0.003084893338382244,-1.0552260391705204e-05,-6.415808684323565e-07,0.005844281055033207,-5.916919235460227e-06
5377015000,0.0,-2.2555697796633467e-05,5.014966973249102e-06,0.0,0.006437516771256924,-2.4075259716482833e-05,-1.547391730127856e-05,0.004305632784962654,-8.32308523968095e-06
5476975000,0.0,0.00539237167686224,-8.937106031225994e-06,0.0,0.003951172810047865,-1.4680492313345894e-05,-5.318368039297638e-07,0.0043752603232860565,-6.407934961316641e-06
5576935000,0.0,0.003198607824742794,-1.763132786436472e-05,0.0,0.0030539382714778185,1.5201358110061847e-06,-5.27146880813234e-07,0.0028075973968952894,-4.809606252820231e-06
5676895000,0.0,0.003213942050933838,-2.197986759711057e-06,0.0,-0.001082990667782724,1.4632265447289683e-05,-5.252708774605708e-07,0.0005784041713923216,-3.494643124213326e-06
5776855000,0.0009181724744848907,0.003249907633289695,-9.983364179788623e-07,-0.001399865373969078,0.0005335465539246798,-8.010355486476328e-06,-1.0260428098263219e-05,0.00413859635591507,-4.752354925585678e-06
5876815000,0.0009181731147691607,0.0006296664942055941,1.229771805810742e-05,-0.0013998661888763309,0.004105624742805958,-1.1353710760886315e-05,1.2524581507022958e-05,0.006346620619297028,-6.1672390074818395e-06
5976775000,0.0009181731147691607,0.0026591585483402014,1.934073952725157e-05,-0.0013998666545376182,0.008306404575705528,-3.08683593175374e-05,4.45058958575828e-06,0.0013718829723075032,-7.0695573413104285e-06
6076735000,0.0009181732311844826,0.0035287239588797092,-4.990442448615795e-06,-0.0013998663052916527,0.00477541284635663,-6.255060725379735e-06,1.491344937676331e-05,0.00453674653545022,-7.2791035563568585e-06
6176695000,0.0009181728237308562,0.002221910050138831,1.434483010598342e-06,-0.0013998666545376182,0.0042568594217300415,-1.6158952348632738e-05,-1.1210951925022528e-05,0.005550658330321312,-8.585742762079462e-06
6276655000,0.0009181728819385171,0.00247860886156559,-5.6361741371802054e-06,-0.0013998665381222963,0.0038502244278788567,-1.5061104932101443e-06,2.9628824904648354e-06,0.003119044005870819,-9.65182698564604e-06
6376615000,0.0009181728819385171,0.005422644317150116,-2.271406992804259e-05,-0.0013998665381222963,0.006304627750068903,-3.652421946753748e-05,-6.197144102770835e-06,-0.0029436706099659204,-5.750958735006861e-06
6477408000,0.0009181728237308562,0.0012720837257802486,4.879431799054146e-06,-0.0013998664217069745,0.0013912467984482646,-1.2510482520156074e-05,7.585540515719913e-06,0.007220484782010317,-7.906673999968916e-06
6577368000,0.0009181728819385171,0.0023942512925714254,5.4234596973401494e-06,-0.0013998673530295491,0.007045479491353035,-3.8435136957559735e-05,7.295062005141517e-06,-0.00048036445514298975,-8.200561751436908e-06
6677328000,0.0009181727073155344,0.0009401382994838059,1.635753687878605e-05,-0.00139986677095294,0.003692483529448509,-1.0691310308175161e-05,1.7202346498379484e-05,0.008369316346943378,-6.861620477138786e-06
6777288000,0.0009181725909002125,0.004466606304049492,-1.0729205314419232e-05,-0.0013998668873682618,0.0035124027635902166,-1.0661708984116558e-05,-2.409995431662537e-06,0.004339457489550114,-6.029354153724853e-06
6877248000,0.0009181727073155344,0.0071893841959536076,-1.917469489853829e-05,-0.0013998672366142273,0.00598157336935401,-2.270839104312472e-05,-5.689076715498231e-06,0.0036545568145811558,-6.542947176058078e-06
6977208000,0.0009181729983538389,0.005364067852497101,-2.704903090489097e-05,-0.0013998673530295491,0.005775998812168837,-1.823339334805496e-05,3.2702616863389267e-06,0.0052092066034674644,-6.044886504241731e-06
7077168000,0.0009181723580695689,0.00732408557087183,-1.0078203558805399e-05,-0.0013998679351061583,0.003055156208574772,-1.2421813153196126e-05,-8.731409616302699e-05,0.004255241714417934,-7.189552889030892e-06
7177128000,0.0009181743371300399,0.004568241070955992,1.2032838640152477e-05,-0.00139986677095294,0.0045535084791481495,-2.495921762601938e-06,0.00026857468765228987,0.0032147804740816355,-6.751333785359748e-06
7277088000,0.0009181761415675282,0.0030306715052574873,6.695177034998778e-06,-0.0013998656067997217,0.009906038641929626,-3.4049939131364226e-05,0.0005941858980804682,0.00328313116915524,-3.438027533775312e-06
7377048000,0.0009181777713820338,0.006493350025266409,-1.7979085896513425e-05,-0.0013998644426465034,0.004605066031217575,-9.610532288206741e-06,0.0008972037467174232,0.005959751550108194,-4.453469500731444e-06
7477008000,0.0009181764326058328,0.0031010808888822794,1.7307588677795138e-06,-0.0013998652575537562,0.005651888437569141,-1.1375072062946856e-05,0.0006624438101425767,0.0053904312662780285,-6.0960883274674416e-06
7576968000,0.00091817497741431,0.002059983555227518,1.5411046661029104e-06,-0.0013998663052916527,0.009521127678453922,-3.10433424601797e-05,0.00038983250851742923,0.005139727145433426,-5.931819487159373e-06
7676928000,0.0009181719506159425,0.0025921317283064127,6.611166554648662e-06,-0.0013998682843521237,0.005066110752522945,-1.5390773114631884e-05,-0.00017053307965397835,0.008426644839346409,-7.465384896931937e-06
7776888000,0.0009181696805171669,0.002195448148995638,1.9774597603827715e-06,-0.0013998697977513075,0.0064612701535224915,-1.9257422536611557e-05,-0.0005870767054148018,0.002938520163297653,-9.199322448694147e-06
7876848000,0.0009181699715554714,0.0024035023525357246,1.1099871699116193e-05,-0.0013998695649206638,0.006397197023034096,-2.270450204377994e-05,-0.0005265101790428162,0.004852465819567442,-8.529726073902566e-06
7976808000,0.0009181688074022532,0.0035673067905008793,-2.8687247777270386e-06,-0.0013998702634125948,0.010385378263890743,-2.6558871468296275e-05,-0.0007461321074515581,0.005498734302818775,-9.101411706069484e-06
8076768000,0.0009181685163639486,0.005172601900994778,-2.0123647118452936e-05,-0.0013998704962432384,-0.0003938626032322645,1.0060443855763879e-07,-0.0008066912996582687,0.006102597340941429,-8.884123417374212e-06
8176728000,0.0009181728237308562,0.006655387580394745,-1.2443239938875195e-05,-0.0013998678186908364,0.008122344501316547,-2.646998837008141e-05,-1.9104867533314973e-05,0.0008175365510396659,-6.348265742417425e-06
8276688000,0.0009181727073155344,0.005810088943690062,-1.9155699192197062e-05,-0.0013998678186908364,0.005686781369149685,-1.0578399269434158e-05,-3.423522139200941e-05,0.004576095845550299,-7.482991350116208e-06
8376648000,0.0009181737550534308,0.0026625217869877815,-1.8624396034283563e-06,-0.0013998670037835836,0.002678125398233533,7.441167326760478e-07,0.0001626907760510221,0.0010348315117880702,-7.211320280475775e-06
8476608000,0.0009181755012832582,0.007839999161660671,-2.7427882741903886e-05,-0.0013998659560456872,0.0060194917023181915,-2.6983167117577977e-05,0.0004883080837316811,0.0035403624642640352,-6.136440788395703e-06
8577401000,0.0009181802743114531,0.0065366593189537525,-2.2020683900336735e-05,-0.0013998628128319979,0.008536146953701973,-2.0083780327695422e-05,0.001366723794490099,0.0024003766011446714,-4.266858923074324e-06
8677361000,0.0009136245353147388,0.010395249351859093,-1.8418548279441893e-05,-0.0014028403675183654,-0.0011945856967940927,6.987707820371725e-06,-0.8368320465087891,0.128647580742836,-0.0004658882971853018
8777321000,0.0009020597208291292,0.010857841931283474,-3.3636293665040284e-05,-0.001410304568707943,0.008194456808269024,-2.548233896959573e-05,-2.9567017555236816,0.24330948293209076,-0.0026407677214592695
8877281000,0.0008870397577993572,0.006966251414269209,-1.629982580197975e-05,-0.0014197997516021132,0.0060745421797037125,-1.04510963865323e-05,-5.69340181350708,0.3592677712440491,-0.006341817323118448
8977241000,2.5640223026275635,0.00882340781390667,-1.7285647118114866e-05,2.6645593643188477,0.00572061724960804,-2.2439802705775946e-05,-7.823858737945557,0.4679822027683258,-0.010737345553934574
9077201000,4.981706619262695,0.010825582779943943,0.014371553435921669,11.70272159576416,0.0044987681321799755,0.029360637068748474,22.70561981201172,0.5737423896789551,0.006211951375007629
9177161000,8.432188987731934,0.005807827226817608,0.02509814314544201,8.179095268249512,0.004152901004999876,0.02148178219795227,65.46401977539062,0.677352786064148,0.05562618747353554
9277121000,11.013458251953125,0.007723786868155003,0.03265705704689026,3.3565704822540283,0.00660853274166584,0.010041319765150547,91.7039566040039,0.7864731550216675,0.11911832541227341
9377081000,11.419927597045898,0.007047864142805338,0.033990636467933655,-1.2459708452224731,0.009660839103162289,0.0022921450436115265,77.4776382446289,0.8989964127540588,0.1309192180633545
9477041000,9.991021156311035,0.005028606858104467,0.033038023859262466,-4.78358268737793,0.004055628087371588,-0.0034096401650458574,66.32598114013672,0.999643087387085,0.11783921718597412
9577001000,6.595948219299316,0.008269109763205051,0.031589407473802567,-6.05586576461792,0.0074394699186086655,-0.005949440877884626,59.323036193847656,1.0917364358901978,0.10510384291410446
9676961000,4.611356735229492,0.008497249335050583,0.02380526438355446,-5.21082067489624,0.008557389490306377,-0.007639035582542419,55.30416488647461,1.1730049848556519,0.09608948230743408
9776921000,-0.5168203711509705,0.006076124496757984,0.011421557515859604,-2.527829170227051,0.008261785842478275,-0.0018123628105968237,51.7901611328125,1.2533469200134277,0.08988051116466522
9876881000,-5.322078227996826,0.0063126483000814915,-0.0004930227878503501,2.292231559753418,0.003575572045519948,0.009901100769639015,49.083282470703125,1.3266689777374268,0.08532026410102844
9976841000,-8.677399635314941,0.007941555231809616,-0.010518000461161137,8.003565788269043,0.006585363298654556,0.025850782170891762,46.94332504272461,1.3926160335540771,0.08202958106994629
10076801000,-9.507518768310547,0.009010904468595982,-0.013746378943324089,12.921754837036133,0.008229395374655724,0.039799366146326065,45.30365753173828,1.4547594785690308,0.07957932353019714
10176761000,-7.1312150955200195,-1.727701187133789,0.0016333842650055885,14.866941452026367,8.476154327392578,-0.0032487288117408752,44.013038635253906,2.478127956390381,0.07769118249416351
10276721000,-1.385860800743103,-0.8301796913146973,0.005904394201934338,8.748686790466309,13.547889709472656,-0.004343470558524132,41.68655014038086,10.699530601501465,0.06798220425844193
10376681000,4.366413593292236,3.3403797149658203,0.012051287107169628,1.2418879270553589,7.717801094055176,-0.0061899637803435326,37.84035110473633,16.217344284057617,0.05432632938027382
10476641000,8.551920890808105,6.2650299072265625,0.02093040756881237,-5.295724391937256,2.09883975982666,-0.01418987475335598,32.28805923461914,20.05469512939453,0.040206484496593475
10576601000,6.231832981109619,8.628618240356445,0.0054811518639326096,-6.581321716308594,-2.9201161861419678,-0.0050249178893864155,22.778587341308594,22.80899429321289,0.024514008313417435
10677394000,7.266389846801758,11.426074981689453,-0.006952142808586359,-9.201934814453125,-7.662967681884766,0.004172949120402336,13.970643043518066,24.285106658935547,0.007819263264536858
10777354000,5.576919078826904,9.502052307128906,-0.008265571668744087,-8.860546112060547,-8.043181419372559,0.006537333130836487,4.52983283996582,24.33766746520996,-0.008178829215466976
10877314000,2.5152111053466797,5.543681621551514,-0.00445697084069252,-6.634031295776367,-5.6453166007995605,0.0039684465155005455,-5.015376091003418,23.006256103515625,-0.022736985236406326
10977274000,-1.2265862226486206,0.6830343008041382,0.0015312114264816046,-3.5184884071350098,-2.2608094215393066,0.00012254540342837572,-14.34603214263916,20.478029251098633,-0.0354580394923687
11077234000,-5.926366329193115,-2.098498582839966,-0.008573643863201141,-0.3755396902561188,-0.0063510979525744915,0.004236612003296614,-22.801664352416992,16.9803409576416,-0.045872315764427185
11177194000,-10.08104419708252,-4.857337474822998,-0.008841333910822868,0.9607826471328735,1.4715399742126465,0.002919269260019064,-29.90920066833496,12.742630004882812,-0.0532708615064621
11277154000,-12.61184310913086,-8.715961456298828,-0.01572694070637226,-0.10760365426540375,1.7937368154525757,-0.0006036310223862529,-34.943603515625,8.0382661819458,-0.05691993981599808
11377114000,-9.702118873596191,-10.248027801513672,-0.0009275004267692566,-1.4191172122955322,0.135930135846138,-0.0006214592140167952,-37.432395935058594,3.1467108726501465,-0.05708913132548332
11477074000,-9.89715576171875,-11.34740924835205,0.004111759830266237,-4.094372272491455,-3.2272262573242188,0.001263539306819439,-39.1502799987793,-1.6363508701324463,-0.05462324619293213
11577034000,-8.81081485748291,-10.44255542755127,0.007785417605191469,-6.849053859710693,-6.92731237411499,0.007058987859636545,-39.49126434326172,-6.116217613220215,-0.050018902868032455
11676994000,-6.59990930557251,-7.9053473472595215,0.006730707362294197,-8.494681358337402,-9.272905349731445,0.010357500053942204,-38.314422607421875,-10.145076751708984,-0.043637797236442566
11776954000,-3.6854655742645264,-4.338257789611816,0.0029585701413452625,-8.099776268005371,-8.595490455627441,0.007948675192892551,-35.34908676147461,-13.557964324951172,-0.035340309143066406
11876914000,-0.7561935186386108,-1.0158393383026123,9.957724250853062e-05,-5.357342720031738,-5.734424114227295,0.0032501723617315292,-30.303890228271484,-16.18221092224121,-0.025132328271865845
11976874000,1.3375444412231445,1.1859664916992188,0.0002610249212011695,-0.6562536954879761,-1.5648980140686035,0.0021863686852157116,-23.14312744140625,-17.85285186767578,-0.01279953308403492
12076834000,1.820818543434143,1.8444201946258545,0.0012244516983628273,4.771982192993164,2.549872398376465,0.008415470831096172,-17.268518447875977,-18.423362731933594,-0.0011634151451289654
12176794000,0.7794283032417297,1.4648311138153076,-0.0001800625177565962,9.816554069519043,5.551182746887207,0.02112533710896969,-8.283025741577148,-18.009538650512695,0.010745435953140259
12276754000,-1.8996591567993164,0.08940297365188599,-0.006252276245504618,12.051515579223633,9.058192253112793,0.019871367141604424,0.47807183861732483,-16.545455932617188,0.023037685081362724
12376714000,-2.695664644241333,-2.3420052528381348,-0.0017571229254826903,8.237874031066895,10.156903266906738,0.0017813117010518909,7.847887992858887,-14.07329273223877,0.033425647765398026
12476674000,-5.2580084800720215,-5.929028511047363,0.005557278171181679,6.561015605926514,9.001105308532715,-0.0050203814171254635,14.199426651000977,-10.814482688903809,0.04085724428296089
12576634000,-6.68068790435791,-8.050682067871094,0.005972180515527725,2.9211373329162598,4.545997142791748,-0.0017053252086043358,18.488710403442383,-7.061427116394043,0.04474850744009018
12676594000,-7.059640407562256,-8.096053123474121,0.007669926155358553,-1.2256953716278076,-0.21535085141658783,0.002502539660781622,20.41347885131836,-3.110483169555664,0.044713955372571945
12777387000,-6.0498270988464355,-6.584062099456787,0.004136904142796993,-4.580027103424072,-3.6230905055999756,0.0025400309823453426,19.911684036254883,0.68950355052948,0.04093627631664276
12877347000,-3.6000304222106934,-4.127979755401611,0.0011176489060744643,-5.878244400024414,-4.871738433837891,-0.001003870740532875,17.31733512878418,4.049455642700195,0.03404604271054268
12977307000,-0.09149745106697083,-1.5035220384597778,0.0050787245854735374,-4.84037971496582,-4.415328502655029,-0.002218097448348999,13.150442123413086,6.697031021118164,0.024997849017381668
13077267000,4.132359027862549,1.198943853378296,0.01285582035779953,-1.9175180196762085,-3.0090157985687256,0.003429135773330927,7.9563422203063965,8.510196685791016,0.014916747808456421
13177227000,7.501526832580566,5.108575820922852,0.002549044555053115,1.7389119863510132,-0.18781301379203796,0.0015458111884072423,2.75405216217041,9.412029266357422,0.0046693976037204266
13277187000,7.393476486206055,8.387140274047852,0.0021012434735894203,2.364684820175171,2.528290271759033,0.0020791785791516304,-2.046177864074707,9.444655418395996,-0.004850714933127165
13377147000,9.2481689453125,11.662848472595215,-0.007515273056924343,3.783468008041382,4.935763359069824,-0.0029996223747730255,-7.009044647216797,8.710127830505371,-0.01270260289311409
13477107000,9.625086784362793,12.399075508117676,-0.011275792494416237,3.5842630863189697,4.829949378967285,-0.004014882259070873,-10.896926879882812,7.365251541137695,-0.018432214856147766
13577067000,8.037568092346191,10.342167854309082,-0.008451620116829872,1.6450178623199463,2.4903206825256348,-0.0010786321945488453,-13.276703834533691,5.611486434936523,-0.0215299092233181
13677027000,4.930187225341797,6.473698139190674,-0.003937549889087677,-1.3629482984542847,-0.8898268342018127,0.002636109245941043,-13.992843627929688,3.693554639816284,-0.021851960569620132
13776987000,0.7536048293113708,2.1747758388519287,-0.0013626950094476342,-4.607793807983398,-3.618466854095459,0.0010081527289003134,-13.105631828308105,1.827544093132019,-0.019691836088895798
13876947000,-3.5365893840789795,-2.149413585662842,9.201467037200928e-07,-6.631823539733887,-5.878376483917236,0.001386234536767006,-11.058411598205566,0.22322990000247955,-0.015436025336384773
13976907000,-7.311366558074951,-4.529163837432861,-0.010438785888254642,-6.764090061187744,-5.749361038208008,-0.004847410134971142,-8.27302074432373,-0.9518715143203735,-0.010237045586109161
14076867000,-1.8450641632080078,-6.208341121673584,0.011945502832531929,9.323293685913086,-4.572536945343018,0.03295137360692024,-2.901771306991577,-1.6574770212173462,-0.004640406463295221
14176827000,-0.6702224612236023,-1.2883943319320679,0.0020535981748253107,5.359148025512695,5.503101348876953,0.004400222096592188,-2.2718758583068848,-1.7703402042388916,0.002600987209007144
14276787000,-0.22505033016204834,-0.39907869696617126,0.0006368872709572315,2.6706125736236572,3.400528907775879,9.551586117595434e-06,-1.814398169517517,-1.4429326057434082,0.004399924539029598
14376747000,0.03840490058064461,-0.19135567545890808,0.0005548169719986618,1.2589155435562134,1.6699002981185913,-9.31906106416136e-05,-1.230298638343811,-1.027116298675537,0.004958207719027996
14476707000,0.10933266580104828,-0.010645703412592411,0.0009200102649629116,0.5470682382583618,0.9062032699584961,-0.00039881656994111836,-0.6990770101547241,-0.6035168170928955,0.005251192953437567
14576667000,0.09255518019199371,0.1836906522512436,-0.0005627949140034616,0.1687837690114975,0.37828612327575684,1.6438047168776393e-05,-0.27128005027770996,-0.1495738923549652,0.005349151790142059
14676627000,0.09172038733959198,-0.002598860301077366,0.00038604994188062847,0.036403242498636246,0.1372506469488144,-0.00062565814005211,0.01714101992547512,0.3335738480091095,0.005223402753472328
14777420000,0.08470047265291214,-0.023246603086590767,0.000405626546125859,0.009549984708428383,-0.03462402895092964,0.00010415483120596036,0.15113839507102966,0.77325439453125,0.004874291829764843
14877380000,0.07072010636329651,-0.04471943527460098,0.00047345837811008096,0.0024857919197529554,0.02273068204522133,-0.0002634902484714985,0.13570214807987213,1.175930142402649,0.00434776721522212
14977340000,0.05646655336022377,-0.06721791625022888,0.0005142246372997761,-0.04335253685712814,0.12735959887504578,-0.0003791585040744394,-0.010301769711077213,1.4997124671936035,0.0036731117870658636
15077300000,0.04176712408661842,-0.08741844445466995,0.0005603616591542959,-0.10698814690113068,0.08077290654182434,-0.0008524368749931455,-0.26866790652275085,1.7888104915618896,0.002882975386455655
15177260000,-0.006084369029849768,0.00958192814141512,0.0001584507990628481,-0.08330924808979034,-0.16587895154953003,0.00019560674263630062,-0.627360463142395,2.003089427947998,0.0019979316275566816
15277220000,-0.12316033989191055,0.07261312752962112,-0.0006625930545851588,-0.025964317843317986,-0.04219810292124748,-0.000367045373423025,-1.0390582084655762,2.1484646797180176,0.0010920003987848759
15377180000,-0.17652612924575806,-0.1011427491903305,3.954152634833008e-05,-0.024243313819169998,0.060645584017038345,-0.00043219735380262136,-1.4773987531661987,2.194279909133911,0.00022104987874627113
15477140000,-0.22766759991645813,-0.11449272930622101,-9.69697575783357e-05,-0.059870410710573196,0.04890628904104233,-0.00027197154122404754,-1.9046152830123901,2.1707122325897217,-0.0005420851521193981
15577100000,-0.27306729555130005,-0.20967164635658264,0.00012615522427950054,-0.0680370181798935,-0.1414063572883606,0.0006173487054184079,-2.3172967433929443,2.1399755477905273,-0.001250323373824358
15677060000,-0.31613239645957947,-0.17941156029701233,-0.0004943129606544971,-0.055824439972639084,-0.024152349680662155,-0.0005307581159286201,-2.683044195175171,2.00278377532959,-0.0018131611868739128
15777020000,-0.3560115396976471,-0.1655215471982956,-0.0003649723366834223,-0.016832204535603523,-0.12679921090602875,0.00027897130348719656,-2.9637258052825928,1.7834274768829346,-0.002150752581655979
15876980000,-0.3983822762966156,-0.18079152703285217,-0.0004682652943301946,0.013454207219183445,-0.007458326406776905,-0.0003138227912131697,-3.1490120887756348,1.5718857049942017,-0.00229710154235363
15976940000,-0.3674721121788025,-0.3621903955936432,1.853129651863128e-05,0.0024421601556241512,-0.07823290675878525,0.0008581140427850187,-3.251760721206665,1.3888137340545654,-0.002313092350959778
16076900000,-0.3443089723587036,-0.22342170774936676,-0.0009155097650364041,-0.022743821144104004,-0.0127255292609334,-0.0002283554058521986,-3.290841817855835,1.2073556184768677,-0.0022462294436991215
16176860000,-0.3303358256816864,-0.20598375797271729,-0.0004070413706358522,-0.0438048429787159,0.07398659735918045,-0.000637440534774214,-3.255755662918091,1.0112605094909668,-0.0020450768060982227
16276820000,-0.2899571657180786,-0.3803499937057495,0.0007792660035192966,-0.05573849007487297,0.020027155056595802,-0.00018583056225907058,-3.1568715572357178,0.8551103472709656,-0.0017517036758363247
16376780000,-0.2685568630695343,-0.350345253944397,0.00025182217359542847,-0.08365961164236069,0.012330092489719391,-0.0002422562538413331,-3.0149576663970947,0.7347465753555298,-0.0014237766154110432
16476740000,-0.25103339552879333,-0.32921335101127625,0.00046171032590791583,-0.09020670503377914,-0.11239375174045563,0.0005554073140956461,-2.8412859439849854,0.6259686946868896,-0.0010669608600437641
16576700000,-0.22454097867012024,-0.2615088224411011,0.00015745784912724048,-0.070345938205719,-0.13674847781658173,2.3170679924078286e-05,-2.645080804824829,0.552583634853363,-0.0006875717081129551
16676660000,-0.19026556611061096,-0.277624249458313,0.0002480119001120329,-0.057797692716121674,0.03812376782298088,-0.0007596357027068734,-2.4458963871002197,0.5091200470924377,-0.0003377329558134079
16776620000,-0.1487860083580017,-0.2858726680278778,0.0004316674603614956,-0.03993094339966774,-0.12925033271312714,0.0007501202635467052,-2.2504770755767822,0.4732402265071869,-1.0429881513118744e-05
16877413000,-0.1518269032239914,-0.20544779300689697,0.00031107201357372105,-0.027150310575962067,-0.11040011048316956,0.00019342284940648824,-2.0680503845214844,0.48306959867477417,0.0002850987948477268
16977373000,-0.17847321927547455,-0.02466125227510929,-0.0007685190066695213,0.0021865558810532093,-0.10898247361183167,0.000283605681033805,-1.928252935409546,0.5433505773544312,0.00045312242582440376
17077333000,-0.17564746737480164,-0.16841483116149902,0.0004894918529316783,0.0336591973900795,-0.11226605623960495,0.00040142424404621124,-1.8371996879577637,0.605167806148529,0.0005214656703174114
17177293000,-0.1539393961429596,-0.1945045292377472,0.0005243459017947316,0.016546307131648064,0.04349419102072716,-0.0001488344423705712,-1.7932627201080322,0.6586169004440308,0.0005155396647751331
17277253000,-0.15394450724124908,-0.15278486907482147,2.9846214602002874e-05,-0.012372501194477081,0.0027985500637441874,0.00014126817404758185,-1.786089539527893,0.7004079222679138,0.0004595695063471794
17377213000,-0.14903254806995392,-0.12616923451423645,2.5368222850374877e-05,-0.039076052606105804,0.027389178052544594,-0.00021371914772316813,-1.814643383026123,0.7317947149276733,0.00035537825897336006
17477173000,-0.11730532348155975,-0.12867891788482666,0.00021627105888910592,-0.04473816230893135,0.08236246556043625,-0.0006003374001011252,-1.8744572401046753,0.7652629613876343,0.00020689144730567932
17577133000,-0.11821842193603516,0.04903867840766907,-0.0005302079953253269,-0.04238799214363098,-0.042849283665418625,-0.00010505156387807801,-1.9616093635559082,0.7806963920593262,2.1270476281642914e-05
17677093000,-0.11158011853694916,-0.029646916314959526,-0.000628255307674408,-0.05705975368618965,-0.006219620816409588,0.0002543845330365002,-2.0652170181274414,0.7737742066383362,-0.00017352402210235596
17777053000,-0.11675038188695908,-0.03831923007965088,-5.964291631244123e-05,-0.04609448462724686,0.02767862193286419,-0.00010934558667941019,-2.1788430213928223,0.7632941603660583,-0.00037055322900414467
17877013000,-0.10717250406742096,-0.1514386087656021,0.0004367177316453308,-0.06468632072210312,0.022751707583665848,-0.00018875666137319058,-2.2949140071868896,0.7389581799507141,-0.0005621272139251232
17976973000,-0.07622097432613373,-0.0805789977312088,0.00011861586244776845,-0.04463091120123863,-0.14561036229133606,0.00041047960985451937,-2.4026875495910645,0.6877983808517456,-0.0007216669619083405
18076933000,-0.08917631953954697,0.04958557337522507,-0.0003407319018151611,-0.004890269599854946,-0.13807696104049683,0.00037332280771806836,-2.5028557777404785,0.6254962682723999,-0.0008677146397531033
18176893000,-0.12606152892112732,0.036998387426137924,-0.00039459747495129704,0.010140836238861084,0.03049485944211483,-0.0003923603508155793,-2.579071521759033,0.5475602149963379,-0.0009461496956646442
18276853000,-0.08937442302703857,-0.12357218563556671,4.0592640289105475e-05,-0.0015338691882789135,-0.03388752415776253,0.0006394508527591825,-2.640249013900757,0.5053786635398865,-0.0010162228718400002
18376813000,-0.0004261558351572603,-0.13398206233978271,0.00040302806883119047,0.002061581937596202,-0.06766006350517273,0.0007177640800364316,-2.6862528324127197,0.435599148273468,-0.001071596285328269
18476773000,-0.04880030080676079,0.06298896670341492,-0.0009126311633735895,-0.07266846299171448,0.0963045060634613,-0.000965842162258923,-2.70314621925354,0.35559555888175964,-0.0010656369850039482
18576733000,-0.027935385704040527,0.02867916412651539,-0.00018367650045547634,-0.08260181546211243,0.1031918078660965,-0.0011483028065413237,-2.6945838928222656,0.2831965982913971,-0.0010067436378449202
18676693000,-0.003124013775959611,-0.03239436075091362,0.00042736719478853047,-0.08691806346178055,-0.016897061839699745,-0.00013932331057731062,-2.679720878601074,0.21222016215324402,-0.000921354629099369
18776653000,0.014664791524410248,0.005902991164475679,1.7231828678632155e-05,-0.08567050844430923,-0.03618888184428215,-8.865068230079487e-05,-2.667114734649658,0.13997288048267365,-0.000837237574160099
18876613000,0.04211961850523949,0.0007399549358524382,0.0001015892848954536,-0.11642535030841827,-0.08907656371593475,-5.796338155050762e-05,-2.6434805393218994,0.07990510016679764,-0.0007539528887718916
18977406000,0.051572155207395554,0.014252737164497375,0.00021538062719628215,-0.11264210939407349,-0.09465541690587997,-6.293326441664249e-05,-2.598862648010254,0.022030562162399292,-0.0006536233704537153
19077366000,0.06043640151619911,-0.04752669855952263,0.0006305671413429081,-0.10819366574287415,-0.10442250221967697,0.00024675638996995986,-2.5328848361968994,-0.02140944078564644,-0.0005345626268535852
19177326000,0.053646400570869446,0.15213851630687714,-0.000235790474107489,-0.11167845875024796,-0.03670234978199005,-0.0006297227228060365,-2.4494802951812744,-0.05666666477918625,-0.0003998426254838705
19277286000,0.03655274212360382,0.010487382300198078,0.0005301324999891222,-0.11832752078771591,-0.02718403935432434,-0.00031554378801956773,-2.3561203479766846,-0.07120802998542786,-0.0002619554288685322
19377246000,0.006261953618377447,0.13780349493026733,-0.0003895786649081856,-0.08675429970026016,-0.19061556458473206,0.0002558225824031979,-2.258423328399658,-0.08527234941720963,-0.00012322538532316685
19477206000,-0.00042079275590367615,-0.04181110858917236,0.0002178345894208178,0.0020149347838014364,-0.07211708277463913,0.00010331602970836684,-2.161315679550171,-0.08307003974914551,1.910841092467308e-06
19577166000,-0.00042152649257332087,0.04580874368548393,-0.0004851800622418523,0.0020147813484072685,-0.0801985040307045,0.00023344236251432449,-2.067420244216919,-0.07591211050748825,0.0001161468680948019
19677126000,0.04190125688910484,0.10085179656744003,-0.00011168865603394806,-0.07630125433206558,-0.10060862451791763,2.466161095071584e-05,-1.983080267906189,-0.049931030720472336,0.00020144297741353512
19777086000,0.03259088099002838,-0.036193013191223145,0.000506355834659189,-0.08065806329250336,-0.019921179860830307,-0.00012954222620464861,-1.9124515056610107,-0.018307041376829147,0.000253541162237525
19877046000,0.07270901650190353,-0.05450619012117386,0.0003365220909472555,-0.10045988857746124,-0.049802109599113464,-0.0002961535647045821,-1.8510425090789795,-0.0003633874002844095,0.0002989799249917269
19977006000,0.0639725849032402,0.10244584828615189,-0.0005317811737768352,-0.10616349428892136,-0.021749410778284073,-0.00021281332010403275,-1.8053417205810547,0.038726530969142914,0.00030793831683695316
20076966000,0.00023614168458152562,0.07758689671754837,0.00010641560947988182,-0.08700378984212875,-0.04715144261717796,-0.0003623801749199629,-1.7691900730133057,0.05728074163198471,0.00031028175726532936
20176926000,0.002232706407085061,-0.1280849426984787,0.0006611479911953211,-0.0869666188955307,-0.076202392578125,-3.9207505324156955e-05,-1.7530021667480469,0.10986626148223877,0.0002645819913595915
20276886000,0.0484110489487648,0.051329564303159714,-0.000322458945447579,-0.07241550832986832,-0.13509394228458405,0.00021292423480190337,-1.74532151222229,0.12373122572898865,0.0002215385902673006
20376846000,-0.0004239478730596602,-0.06278667598962784,0.0007570121670141816,0.0020142733119428158,-0.13081605732440948,0.0003673973260447383,-1.757522463798523,0.1812690645456314,0.00012652482837438583
20476806000,-0.0004237578250467777,0.1368798166513443,-0.00035115540958940983,0.0020143131259828806,-0.12850168347358704,0.0003437493578530848,-1.7818468809127808,0.19262424111366272,2.1709129214286804e-05
20576766000,-0.0004235559608787298,0.0796348825097084,-0.0007664983277209103,0.0020143557339906693,-0.11624804884195328,0.0009368541068397462,-1.807682752609253,0.19848455488681793,-6.608362309634686e-05
20676726000,-0.00042334795580245554,0.015871811658143997,0.0001242209254996851,0.002014399506151676,0.03686698526144028,-0.00045875890646129847,-1.834303617477417,0.19277504086494446,-0.0001433701254427433
20776686000,-0.0004232250212226063,-0.09533535689115524,0.00020096461230423301,0.0020144253503531218,0.08941876888275146,-0.00022372641251422465,-1.8500431776046753,0.1645946502685547,-0.00018611736595630646
20876646000,-0.00042320197098888457,-0.09764716029167175,0.00023605264141224325,0.0020144302397966385,-0.0772259384393692,0.00022775410616304725,-1.852993130683899,0.16003453731536865,-0.00020642229355871677
20976606000,0.08587361127138138,-0.10254349559545517,0.0005027679144404829,-0.019837727770209312,-0.07983414828777313,0.0002251330006401986,-1.8542369604110718,0.16139213740825653,-0.00024104584008455276
21077399000,0.12546055018901825,-0.10375340282917023,0.0006224573007784784,0.004199097398668528,-0.08190690726041794,0.00030016241362318397,-1.856126308441162,0.16811613738536835,-0.00028307014144957066
21177359000,0.12361437827348709,-0.04766879603266716,0.0005049516912549734,0.02356436662375927,-0.0760992169380188,0.00034781862632371485,-1.8567551374435425,0.17332063615322113,-0.0003258001524955034
21277319000,0.079511858522892,0.05175335705280304,0.0001872576103778556,0.04116851091384888,-0.07563628256320953,0.0003988611279055476,-1.8545165061950684,0.17563970386981964,-0.00036144163459539413
21377279000,0.05141080543398857,0.04694773256778717,0.0001621370465727523,0.07434967905282974,-0.08102765679359436,0.0005493592470884323,-1.8521889448165894,0.18240362405776978,-0.00039799115620553493
21477239000,0.0036467795725911856,0.0476389154791832,2.4412158381892368e-05,0.09089754521846771,-0.07671841979026794,0.0005916741210967302,-1.8476794958114624,0.18764279782772064,-0.0004349520895630121
21577199000,-0.04541367292404175,0.041919004172086716,-9.170573321171105e-05,0.1195465698838234,-0.07749883830547333,0.0007375905988737941,-1.8403886556625366,0.19423265755176544,-0.00046875537373125553
21677159000,-0.09562750160694122,0.03832926228642464,-0.00020771118579432368,0.1232476681470871,0.03730562701821327,0.00036039407132193446,-1.829093337059021,0.19683387875556946,-0.0004948577843606472
21777119000,-0.1315414160490036,0.03475792706012726,-0.0003223156672902405,0.0830843523144722,0.03035329468548298,0.00040645262924954295,-1.8152412176132202,0.20605015754699707,-0.0005178546998649836
21877079000,-0.1990673840045929,0.03205498307943344,-0.0004687707405537367,0.014626823365688324,0.141057550907135,-5.115066232974641e-05,-1.795432448387146,0.20538559556007385,-0.0005289858672767878
21977039000,-0.2456253170967102,0.030905859544873238,-0.000691220979206264,-0.05520455911755562,0.18713946640491486,-0.0005630754167214036,-1.764418363571167,0.18016725778579712,-0.000513036735355854
22076999000,-0.2975979149341583,0.028015995398163795,-0.000897976744454354,-0.08035984635353088,-0.05601605400443077,0.0006299299420788884,-1.711216926574707,0.14937804639339447,-0.00043661845847964287
22176959000,-0.34790730476379395,-0.07484889775514603,-0.0005401702364906669,-0.11621934920549393,0.09451654553413391,-0.0008702431805431843,-1.636568546295166,0.11979617923498154,-0.00032893288880586624
22276919000,-0.3459921181201935,-0.18485434353351593,-0.00033479806734248996,-0.12170950323343277,0.029828116297721863,-0.0002766749821603298,-1.540123462677002,0.09122272580862045,-0.00018666335381567478
22376879000,-0.2973588705062866,-0.31194841861724854,-4.2031562770716846e-05,-0.11987562477588654,-0.10111481696367264,0.0007015725132077932,-1.4223474264144897,0.06689828634262085,-1.1832918971776962e-05
22476839000,-0.2201559692621231,-0.3113628327846527,-8.537408575648442e-06,-0.12096428126096725,-0.06769377738237381,-0.00018302568059880286,-1.2846611738204956,0.044180650264024734,0.00019376608543097973
22576799000,-0.14744587242603302,-0.3747367560863495,0.0008862573304213583,-0.13221955299377441,0.02798013761639595,-0.0002731350250542164,-1.1413136720657349,0.08436574786901474,0.0003825628664344549
22676759000,-0.12189067900180817,-0.15453721582889557,-0.0007151092286221683,-0.1557282656431198,0.023867109790444374,-0.00036678253673017025,-1.011414647102356,0.15226978063583374,0.0004976156633347273
22776719000,-0.12225368618965149,-0.1361972838640213,-0.00015132494445424527,-0.1995992660522461,0.022727614268660545,-0.0005146347684785724,-0.8943714499473572,0.2205486297607422,0.0005824192194268107
22876679000,-0.1109580397605896,-0.2520776093006134,0.000459569098893553,-0.22425976395606995,0.022373458370566368,-0.0006257167551666498,-0.8047943711280823,0.29249635338783264,0.0006252675084397197
22976639000,-0.12592267990112305,-0.09797148406505585,-0.0005208162474445999,-0.26527896523475647,0.02176087535917759,-0.0007662195712327957,-0.7420700788497925,0.3654981553554535,0.0006225574761629105
23076599000,-0.11600250750780106,-0.27953633666038513,0.0008496528607793152,-0.269716739654541,-0.09095411002635956,-0.000528367527294904,-0.7004231810569763,0.43465936183929443,0.0005849784938618541
23177392000,-0.13574765622615814,-0.1719726175069809,-0.0003693229518830776,-0.26044103503227234,-0.08594721555709839,-0.0005992345977574587,-0.6777759790420532,0.5048586130142212,0.0005133816739544272
23277352000,-0.1493426263332367,-0.07897309958934784,-0.0007891920977272093,-0.21971853077411652,-0.19854983687400818,-0.00021057025878690183,-0.6675915718078613,0.5680168867111206,0.00041919597424566746
23377312000,-0.16746927797794342,-0.1716613620519638,0.0001496724144089967,-0.16406863927841187,-0.19516155123710632,-0.00012614394654519856,-0.6665288805961609,0.6342857480049133,0.0003111052792519331
23477272000,-0.18865938484668732,-0.30333301424980164,0.00043542421190068126,-0.10809998214244843,-0.19457748532295227,1.7119538824772462e-05,-0.6801549792289734,0.6951461434364319,0.00018762401305139065
23577232000,-0.2082584649324417,-0.12458843737840652,-0.0007646611193194985,-0.06400346010923386,-0.05113280564546585,-0.0006533149280585349,-0.698590099811554,0.7267034649848938,6.367615424096584e-05
23677192000,-0.2168254256248474,-0.30909621715545654,0.0007300169672816992,-0.02482304349541664,-0.20134252309799194,0.0007998545188456774,-0.704622209072113,0.7340359687805176,-1.2114178389310837e-05
23777152000,-0.2344612181186676,-0.35499683022499084,0.0005946171004325151,-0.024462107568979263,-0.11513971537351608,-1.6481026250403374e-05,-0.6934726238250732,0.7365487217903137,-5.077710375189781e-05
23877112000,-0.2658621668815613,-0.2921568751335144,-0.00016971543664112687,-0.027424192056059837,0.02342243865132332,-0.000769960053730756,-0.6646578311920166,0.7288152575492859,-4.1698338463902473e-05
23977072000,-0.3078477084636688,-0.30142390727996826,0.00016754071111790836,-0.022241339087486267,-0.11757604032754898,0.0005713023128919303,-0.6115081310272217,0.6992985010147095,1.8147984519600868e-05
24077032000,-0.31977930665016174,-0.32681185007095337,-5.768438131781295e-05,-0.030168091878294945,-0.04284428805112839,-0.0005027618026360869,-0.5245300531387329,0.6652125120162964,0.00014066766016185284
24176992000,-0.3210057020187378,-0.39991995692253113,0.00010929261043202132,-0.013794480822980404,-0.19376152753829956,0.00037764510489068925,-0.41081503033638,0.6828566789627075,0.00028886471409350634
24276952000,-0.3440752625465393,-0.3008817732334137,-0.00012573266576509923,0.029802722856402397,-0.18520748615264893,0.0004693618684541434,-0.29564523696899414,0.7274630665779114,0.00039870431646704674
24376912000,-0.3493667542934418,-0.49177539348602295,0.0008229251834563911,0.07292626053094864,-0.18634763360023499,0.0006318352534435689,-0.18559037148952484,0.7703224420547485,0.0004938351921737194
24476872000,-0.3723450005054474,-0.3266049325466156,-0.0006633700686506927,0.11262736469507217,-0.18653897941112518,0.0007999770459719002,-0.07477856427431107,0.8119377493858337,0.0005846144631505013
24576832000,-0.3948090076446533,-0.2991737723350525,-0.0004265874740667641,0.10628161579370499,-0.07444699108600616,0.0005407468997873366,0.04020782560110092,0.8560717105865479,0.0006781445117667317
24676792000,-0.40595895051956177,-0.46922075748443604,0.0005214089760556817,0.04627671837806702,0.03657006099820137,0.0001327757490798831,0.1584310084581375,0.8858948349952698,0.0007903318619355559
24776752000,-0.45394498109817505,-0.35599854588508606,-0.0003033661632798612,-0.01714799739420414,0.03341778740286827,-1.0497820767341182e-05,0.28605735301971436,0.8927940130233765,0.0009345583384856582
24876712000,-0.4651907980442047,-0.5234101414680481,0.0002776057517621666,-0.07477381080389023,-0.057870760560035706,0.0006413219962269068,0.4301292896270752,0.9152489900588989,0.0011162145528942347
24976672000,-0.48114877939224243,-0.40210065245628357,-0.0008509420440532267,-0.11876516044139862,-0.06851352006196976,-0.0003414793754927814,0.5602055788040161,1.018882155418396,0.0012202055659145117
25076632000,-0.49171504378318787,-0.4166456162929535,-0.00014008861035108566,-0.14000505208969116,0.01447629276663065,-0.000750873819924891,0.661274790763855,1.1260532140731812,0.0012495853006839752
25176592000,-0.499802827835083,-0.6223821043968201,0.0008222038741223514,-0.13969874382019043,-0.1670549511909485,0.0006989596877247095,0.7294700145721436,1.2336721420288086,0.001220517442561686
25277385000,-0.5130853652954102,-0.4544471204280853,-0.0007247758330777287,-0.14795495569705963,-0.11439462006092072,-0.00037236802745610476,0.7680069208145142,1.3323872089385986,0.0011423369869589806
25377345000,-0.525420069694519,-0.44283345341682434,-0.0005410526064224541,-0.1578049212694168,-0.0744473934173584,-4.931857984047383e-05,0.7821289896965027,1.4260166883468628,0.0010271702194586396
25477305000,-0.5401047468185425,-0.49292659759521484,-0.0002800357178784907,-0.15847694873809814,-0.22453206777572632,0.0008045245776884258,0.7777903079986572,1.5026861429214478,0.0008990458445623517
25577265000,-0.5744598507881165,-0.49521970748901367,-0.0002504929434508085,-0.16266699135303497,-0.11545058339834213,-0.0004977670032531023,0.7598509192466736,1.5463252067565918,0.0007795710116624832
25677225000,-0.6223904490470886,-0.48862597346305847,-0.00040342705324292183,-0.15694288909435272,-0.07578612118959427,-0.00017672614194452763,0.7407947182655334,1.5869288444519043,0.0006735732313245535
25777185000,-0.6787153482437134,-0.48153457045555115,-0.0005937727983109653,-0.1508018970489502,-0.23915226757526398,0.0005783196538686752,0.7152822613716125,1.6252541542053223,0.0005624465411528945
25877145000,-0.738681972026825,-0.4774569571018219,-0.0007967877900227904,-0.1579231321811676,-0.04669211059808731,-0.0007937152986414731,0.6884912252426147,1.664523959159851,0.0004457473987713456
25977105000,-0.7821090817451477,-0.577534556388855,-0.0007026570965535939,-0.1495448648929596,-0.15295931696891785,0.00043530247057788074,0.6562676429748535,1.707324504852295,0.0003198458580300212
26077065000,-0.7510363459587097,-0.7754530310630798,9.972721454687417e-05,-0.1497543901205063,-0.24342778325080872,0.0006207572296261787,0.6173452734947205,1.7457776069641113,0.00018894998356699944
26177025000,-0.6874822378158569,-0.7735336422920227,0.00011223649198655039,-0.16300751268863678,-0.06546977162361145,-0.0007822418119758368,0.5730113983154297,1.778794527053833,4.27573686465621e-05
26276985000,-0.6343005299568176,-0.8207737803459167,0.00043007617932744324,-0.15972009301185608,-0.07011980563402176,-0.0002388322609476745,0.5359973907470703,1.7773051261901855,-6.325205322355032e-05
26376945000,-0.6186503171920776,-0.6159955263137817,-0.0007757426355965436,-0.1462351232767105,-0.2671118974685669,0.000713749963324517,0.5130621194839478,1.765074372291565,-0.00012489187065511942
26476905000,-0.5974351763725281,-0.7444806098937988,0.0007733908714726567,-0.15285883843898773,-0.1424783170223236,-0.0004054073360748589,0.4982546269893646,1.7516982555389404,-0.00015864020679146051
26576865000,-0.5963497757911682,-0.7559270262718201,0.0003992036799900234,-0.1569846123456955,-0.022396797314286232,-0.0008981442078948021,0.49380069971084595,1.7294440269470215,-0.00017134484369307756
26676825000,-0.6107542514801025,-0.5424965023994446,-0.0007669257465749979,-0.15211036801338196,-0.09952671080827713,8.430011803284287e-05,0.5021248459815979,1.711194634437561,-0.00016326969489455223
26776785000,-0.6118963956832886,-0.7300332188606262,0.0007544062100350857,-0.14751403033733368,-0.234510138630867,0.000804959621746093,0.5258074998855591,1.7005490064620972,-0.00014001422096043825
26876745000,-0.622554361820221,-0.775282621383667,0.0005010711029171944,-0.1562950164079666,-0.13420914113521576,-0.00047011440619826317,0.5770418643951416,1.6873005628585815,-8.491694461554289e-05
26976705000,-0.6356987357139587,-0.5552265048027039,-0.0009034225950017571,-0.15413910150527954,-0.10679467022418976,3.431516233831644e-05,0.6235336661338806,1.681236982345581,-1.4523626305162907e-05
27076665000,-0.6364778280258179,-0.7081518769264221,0.0006333528435789049,-0.1509350836277008,-0.25523489713668823,0.0006543836207129061,0.6663914322853088,1.675165057182312,5.14880521222949e-05
27176625000,-0.6288507580757141,-0.7850626707077026,0.0006431514630094171,-0.1564595103263855,-0.06427600979804993,-0.0008017902146093547,0.7111852765083313,1.6728662252426147,0.00010939524509012699
27277418000,-0.6431982517242432,-0.578036367893219,-0.0005221685278229415,-0.148732990026474,-0.14762188494205475,0.0003352290950715542,0.7582112550735474,1.6772572994232178,0.00016549136489629745
27377378000,-0.639065682888031,-0.7290592193603516,0.0007177500519901514,-0.13974280655384064,-0.23172932863235474,0.000555926002562046,0.8015702962875366,1.6840808391571045,0.00020818866323679686
27477338000,-0.648211658000946,-0.7660164833068848,0.0003954058338422328,-0.15348760783672333,-0.07954102754592896,-0.0006552289705723524,0.8473974466323853,1.6988054513931274,0.00024727778509259224
27577298000,-0.6609621047973633,-0.5790054798126221,-0.0008844786789268255,-0.15078911185264587,-0.10807482898235321,-2.6888767024502158e-05,0.8923338055610657,1.7131575345993042,0.00028441648464649916
27677258000,-0.6505413055419922,-0.643079400062561,3.239769284846261e-06,-0.14344024658203125,-0.2500430643558502,0.0007865217630751431,0.9247050285339355,1.7291505336761475,0.00031154847238212824
27777218000,-0.6499496698379517,-0.7878561019897461,0.0008723416249267757,-0.14606158435344696,-0.1534847617149353,-0.0002585630281828344,0.9550018310546875,1.743857502937317,0.00032785453367978334
27877178000,-0.6611324548721313,-0.7070850133895874,-7.823025225661695e-05,-0.15005354583263397,-0.056774452328681946,-0.0006083224434405565,0.9734130501747131,1.7702555656433105,0.0003254305338487029
27977138000,-0.6733434796333313,-0.5656065344810486,-0.0008629297371953726,-0.14861464500427246,-0.07753618061542511,-0.0003327236627228558,0.975135862827301,1.7987631559371948,0.00029621704015880823
28077098000,-0.669440507888794,-0.6970666646957397,0.0004217434616293758,-0.16510243713855743,-0.154097318649292,1.483585947426036e-05,0.9560165405273438,1.8411487340927124,0.00021522596944123507
28177058000,-0.6584771275520325,-0.7734159827232361,0.0003121721383649856,-0.16116318106651306,-0.08834019303321838,-0.0002916072553489357,0.9263778328895569,1.8493825197219849,0.00013027514796704054
28277018000,-0.6683852076530457,-0.5623809099197388,-0.0006271046586334705,-0.14431214332580566,-0.2360689491033554,0.0004959233338013291,0.8876830339431763,1.8555325269699097,5.200656596571207e-05
28376978000,-0.6623020768165588,-0.6691877841949463,0.00043865860789082944,-0.1448729932308197,-0.04773348942399025,-0.0007918911287561059,0.847233772277832,1.8493753671646118,-2.631091047078371e-05
28476938000,-0.6585858464241028,-0.7618185877799988,0.00045594776747748256,-0.13420361280441284,-0.19802358746528625,0.0006445833714678884,0.8109663724899292,1.8384974002838135,-8.356571197509766e-05
28576898000,-0.6631664633750916,-0.6301959156990051,-0.0004761309246532619,-0.14091874659061432,-0.08207443356513977,-0.0007359716109931469,0.7787359356880188,1.816864252090454,-0.00013048562686890364
28676858000,-0.6591860055923462,-0.6024249792098999,-0.0004525628755800426,-0.13126784563064575,-0.10104993730783463,1.939952198881656e-05,0.7583531141281128,1.783721685409546,-0.00015104073099792004
28776818000,-0.672192394733429,-0.6925725340843201,0.00020447051792871207,-0.1256873458623886,-0.23848696053028107,0.0006518936133943498,0.7529956102371216,1.7285785675048828,-0.00012392050120979548
28876778000,-0.6653379797935486,-0.5859289765357971,-0.0007003844948485494,-0.13044555485248566,-0.05343405902385712,-0.0008032926125451922,0.7642069458961487,1.7024120092391968,-8.137652184814215e-05
28976738000,-0.649339497089386,-0.710628867149353,0.0005576403345912695,-0.11959896236658096,-0.09142698347568512,1.5365934814326465e-05,0.7936694025993347,1.6849651336669922,-3.058486618101597e-05
29076698000,-0.6134375333786011,-0.6489169597625732,-0.00015371126937679946,-0.10999125987291336,-0.1734643429517746,0.00019985981634818017,0.7341594696044922,1.6710892915725708,-4.648428875952959e-05
